customer_id,first_name,last_name,email
CUST2001,Larry,Williams,larry.williams@outlook.com
CUST2002,Elizabeth,Sanchez,elizabeth.sanchez@gmail.com
CUST2003,Regina,Nichols,regina.nichols@yahoo.com
CUST2004,Raymond,Valencia,raymond.valencia@outlook.com
CUST2005,Kristin,Sanchez,kristin.sanchez@hotmail.com
CUST2006,Steven,Douglas,steven.douglas@icloud.com
CUST2007,Daniel,Holland,daniel.holland@outlook.com
CUST2008,Wendy,Long,wendy.long@hotmail.com
CUST2009,Laura,Webb,laura.webb@hotmail.com
CUST2010,Linda,Meyers,linda.meyers@gmail.com
CUST2011,Theresa,Davis,theresa.davis@gmail.com
CUST2012,Sonya,Villarreal,sonya.villarreal@yahoo.com
CUST2013,Ebony,Berger,ebony.berger@gmail.com
CUST2014,James,Hickman,james.hickman@gmail.com
CUST2015,Keith,Wright,keith.wright@outlook.com
CUST2016,Ronald,Edwards,ronald.edwards@hotmail.com
CUST2017,Adam,Graves,adam.graves@yahoo.com
CUST2018,Jeremy,Love,jeremy.love@outlook.com
CUST2019,Timothy,West,timothy.west@hotmail.com
CUST2020,Ricky,Pena,ricky.pena@hotmail.com
CUST2021,Tyler,Shepherd,tyler.shepherd@gmail.com
CUST2022,Jared,Rhodes,jared.rhodes@yahoo.com
CUST2023,Gina,Turner,gina.turner@hotmail.com
CUST2024,Jessica,Reynolds,jessica.reynolds@hotmail.com
CUST2025,Sandra,Evans,sandra.evans@hotmail.com
CUST2026,Denise,Lopez,denise.lopez@icloud.com
CUST2027,Elizabeth,Berry,elizabeth.berry@hotmail.com
CUST2028,Scott,Sanders,scott.sanders@hotmail.com
CUST2029,Samuel,Carter,samuel.carter@outlook.com
CUST2030,John,Nguyen,john.nguyen@hotmail.com
CUST2031,Ashley,Pratt,ashley.pratt@hotmail.com
CUST2032,Stacey,Tucker,stacey.tucker@icloud.com
CUST2033,Steven,Forbes,steven.forbes@outlook.com
CUST2034,Edward,Adams,edward.adams@icloud.com
CUST2035,Brianna,Barrera,brianna.barrera@gmail.com
CUST2036,Shannon,Murphy,shannon.murphy@outlook.com
CUST2037,Erik,Hines,erik.hines@yahoo.com
CUST2038,Lindsey,Brown,lindsey.brown@gmail.com
CUST2039,Anthony,Castillo,anthony.castillo@hotmail.com
CUST2040,Jose,Stokes,jose.stokes@gmail.com
CUST2041,Jesse,Davis,jesse.davis@icloud.com
CUST2042,Bruce,Hughes,bruce.hughes@gmail.com
CUST2043,Amy,Butler,amy.butler@icloud.com
CUST2044,Troy,Peterson,troy.peterson@icloud.com
CUST2045,Ryan,Terry,ryan.terry@icloud.com
CUST2046,Shirley,Clark,shirley.clark@hotmail.com
CUST2047,Martha,Chambers,martha.chambers@outlook.com
CUST2048,Daniel,Howell,daniel.howell@icloud.com
CUST2049,Donald,White,donald.white@outlook.com
CUST2050,Kevin,Jackson,kevin.jackson@hotmail.com
CUST2051,Aaron,Green,aaron.green@yahoo.com
CUST2052,Matthew,Fields,matthew.fields@outlook.com
CUST2053,Joshua,Bailey,joshua.bailey@gmail.com
CUST2054,Katrina,Middleton,katrina.middleton@yahoo.com
CUST2055,Molly,Edwards,molly.edwards@hotmail.com
CUST2056,Joshua,Simpson,joshua.simpson@gmail.com
CUST2057,Monique,Austin,monique.austin@outlook.com
CUST2058,Laurie,Lowery,laurie.lowery@outlook.com
CUST2059,Jessica,Bailey,jessica.bailey@outlook.com
CUST2060,Elijah,Galloway,elijah.galloway@hotmail.com
CUST2061,Tyler,Lester,tyler.lester@gmail.com
CUST2062,Megan,Curry,megan.curry@yahoo.com
CUST2063,Chad,Beltran,chad.beltran@outlook.com
CUST2064,Gary,Snyder,gary.snyder@hotmail.com
CUST2065,Jordan,Cruz,jordan.cruz@hotmail.com
CUST2066,Shannon,Ramirez,shannon.ramirez@icloud.com
CUST2067,Carol,Gonzalez,carol.gonzalez@outlook.com
CUST2068,Stephen,Cameron,stephen.cameron@icloud.com
CUST2069,Roy,Turner,roy.turner@yahoo.com
CUST2070,Kristen,Ramirez,kristen.ramirez@outlook.com
CUST2071,Heather,Gonzalez,heather.gonzalez@outlook.com
CUST2072,Keith,Williams,keith.williams@hotmail.com
CUST2073,Timothy,Wagner,timothy.wagner@hotmail.com
CUST2074,Christopher,Bridges,christopher.bridges@icloud.com
CUST2075,Trevor,Wiley,trevor.wiley@yahoo.com
CUST2076,Anna,Rodriguez,anna.rodriguez@gmail.com
CUST2077,Daniel,Rodriguez,daniel.rodriguez@hotmail.com
CUST2078,Caroline,Campbell,caroline.campbell@icloud.com
CUST2079,Paul,Diaz,paul.diaz@gmail.com
CUST2080,Heidi,Lee,heidi.lee@gmail.com
CUST2081,Jason,Ray,jason.ray@gmail.com
CUST2082,Bobby,Rosario,bobby.rosario@hotmail.com
CUST2083,Victor,Garcia,victor.garcia@gmail.com
CUST2084,Lindsay,Martin,lindsay.martin@yahoo.com
CUST2085,Stephanie,Mccann,stephanie.mccann@gmail.com
CUST2086,Cindy,Hernandez,cindy.hernandez@icloud.com
CUST2087,Erin,Mcguire,erin.mcguire@yahoo.com
CUST2088,Cheryl,Robles,cheryl.robles@gmail.com
CUST2089,Miguel,Jones,miguel.jones@hotmail.com
CUST2090,Joshua,May,joshua.may@icloud.com
CUST2091,Michael,Norris,michael.norris@outlook.com
CUST2092,Sheila,Parker,sheila.parker@outlook.com
CUST2093,Nicole,Campbell,nicole.campbell@gmail.com
CUST2094,Dana,Pineda,dana.pineda@outlook.com
CUST2095,Chelsea,Phillips,chelsea.phillips@hotmail.com
CUST2096,Amber,Mullins,amber.mullins@icloud.com
CUST2097,Brian,Miller,brian.miller@gmail.com
CUST2098,Richard,Payne,richard.payne@icloud.com
CUST2099,Mark,Henry,mark.henry@hotmail.com
CUST2100,Nicholas,Rivas,nicholas.rivas@outlook.com
CUST2101,Matthew,Vega,matthew.vega@icloud.com
CUST2102,Keith,Cochran,keith.cochran@outlook.com
CUST2103,Dylan,Thomas,dylan.thomas@outlook.com
CUST2104,Jeremiah,Harris,jeremiah.harris@hotmail.com
CUST2105,Carlos,Acevedo,carlos.acevedo@icloud.com
CUST2106,Jonathan,Malone,jonathan.malone@icloud.com
CUST2107,Jennifer,Henderson,jennifer.henderson@gmail.com
CUST2108,Karen,Payne,karen.payne@outlook.com
CUST2109,Eugene,Patterson,eugene.patterson@yahoo.com
CUST2110,Adam,Scott,adam.scott@outlook.com
CUST2111,Emily,Carrillo,emily.carrillo@outlook.com
CUST2112,Gina,Wise,gina.wise@icloud.com
CUST2113,Kelly,Ford,kelly.ford@icloud.com
CUST2114,James,Hebert,james.hebert@gmail.com
CUST2115,Angela,Perry,angela.perry@hotmail.com
CUST2116,Christopher,Schultz,christopher.schultz@yahoo.com
CUST2117,Debbie,Green,debbie.green@gmail.com
CUST2118,Sandra,Yu,sandra.yu@hotmail.com
CUST2119,Katherine,Jacobs,katherine.jacobs@outlook.com
CUST2120,Linda,Powell,linda.powell@icloud.com
CUST2121,Jason,Johnson,jason.johnson@yahoo.com
CUST2122,Robert,Keith,robert.keith@icloud.com
CUST2123,Marco,Flores,marco.flores@icloud.com
CUST2124,Curtis,Smith,curtis.smith@hotmail.com
CUST2125,David,Gomez,david.gomez@icloud.com
CUST2126,Thomas,Valencia,thomas.valencia@outlook.com
CUST2127,Eileen,Evans,eileen.evans@icloud.com
CUST2128,Jennifer,Davis,jennifer.davis@yahoo.com
CUST2129,Samantha,Davis,samantha.davis@outlook.com
CUST2130,Caleb,Anderson,caleb.anderson@icloud.com
CUST2131,Carmen,Brown,carmen.brown@outlook.com
CUST2132,Micheal,Smith,micheal.smith@outlook.com
CUST2133,David,Walker,david.walker@icloud.com
CUST2134,Bruce,Nguyen,bruce.nguyen@yahoo.com
CUST2135,Daniel,Rodriguez,danielrodriguez@hotmail.com
CUST2136,Jasmine,Chandler,jasmine.chandler@gmail.com
CUST2137,Marissa,Brown,marissa.brown@gmail.com
CUST2138,Joshua,Roy,joshua.roy@gmail.com
CUST2139,Brandon,Morales,brandon.morales@yahoo.com
CUST2140,Thomas,Hayden,thomas.hayden@outlook.com
CUST2141,Carl,Edwards,carl.edwards@outlook.com
CUST2142,Zachary,Morris,zachary.morris@hotmail.com
CUST2143,Jason,Moore,jason.moore@hotmail.com
CUST2144,Rita,Evans,rita.evans@hotmail.com
CUST2145,Kristina,Russo,kristina.russo@yahoo.com
CUST2146,Randall,Thompson,randall.thompson@yahoo.com
CUST2147,Angel,Rodriguez,angel.rodriguez@yahoo.com
CUST2148,Mary,Burgess,mary.burgess@hotmail.com
CUST2149,Sharon,Peterson,sharon.peterson@yahoo.com
CUST2150,Eric,Adkins,eric.adkins@yahoo.com
CUST2151,Jesus,Rodriguez,jesus.rodriguez@icloud.com
CUST2152,Cynthia,Brooks,cynthia.brooks@icloud.com
CUST2153,Taylor,Jackson,taylor.jackson@yahoo.com
CUST2154,Ethan,Pitts,ethan.pitts@gmail.com
CUST2155,John,Hansen,john.hansen@outlook.com
CUST2156,Erica,Adams,erica.adams@outlook.com
CUST2157,Eric,Cooper,eric.cooper@hotmail.com
CUST2158,Maxwell,Leach,maxwell.leach@outlook.com
CUST2159,Terri,Cooper,terri.cooper@icloud.com
CUST2160,Samuel,Johnson,samuel.johnson@gmail.com
CUST2161,Sarah,Villa,sarah.villa@gmail.com
CUST2162,Benjamin,Jones,benjamin.jones@yahoo.com
CUST2163,Belinda,Wu,belinda.wu@gmail.com
CUST2164,Anthony,Suarez,anthony.suarez@hotmail.com
CUST2165,Gina,Spencer,gina.spencer@outlook.com
CUST2166,John,Harris,john.harris@hotmail.com
CUST2167,Robert,Martinez,robert.martinez@outlook.com
CUST2168,Maria,Lopez,maria.lopez@yahoo.com
CUST2169,Roberta,Johnson,roberta.johnson@yahoo.com
CUST2170,John,Salinas,john.salinas@gmail.com
CUST2171,Jennifer,Porter,jennifer.porter@yahoo.com
CUST2172,Kimberly,Figueroa,kimberly.figueroa@outlook.com
CUST2173,Michelle,Davis,michelle.davis@hotmail.com
CUST2174,Samuel,Roman,samuel.roman@icloud.com
CUST2175,Thomas,Morales,thomas.morales@yahoo.com
CUST2176,Alyssa,Cook,alyssa.cook@yahoo.com
CUST2177,Nicole,Long,nicole.long@icloud.com
CUST2178,Christine,Thomas,christine.thomas@icloud.com
CUST2179,Melissa,Ramirez,melissa.ramirez@gmail.com
CUST2180,Sarah,Wang,sarah.wang@icloud.com
CUST2181,Andres,Humphrey,andres.humphrey@yahoo.com
CUST2182,Steven,Russell,steven.russell@outlook.com
CUST2183,April,Taylor,april.taylor@outlook.com
CUST2184,Samuel,Webb,samuel.webb@yahoo.com
CUST2185,Seth,Banks,seth.banks@gmail.com
CUST2186,Ryan,Shaw,ryan.shaw@hotmail.com
CUST2187,Brenda,Wagner,brenda.wagner@gmail.com
CUST2188,Johnny,Decker,johnny.decker@gmail.com
CUST2189,Jasmine,Hogan,jasmine.hogan@hotmail.com
CUST2190,Taylor,Robinson,taylor.robinson@gmail.com
CUST2191,Brian,Martinez,brian.martinez@icloud.com
CUST2192,Maria,Allen,maria.allen@hotmail.com
CUST2193,Harold,Martinez,harold.martinez@icloud.com
CUST2194,Mark,Young,mark.young@hotmail.com
CUST2195,Janice,Cooper,janice.cooper@gmail.com
CUST2196,Karen,Moore,karen.moore@yahoo.com
CUST2197,April,Kane,april.kane@yahoo.com
CUST2198,Spencer,Daniel,spencer.daniel@hotmail.com
CUST2199,Christian,Lopez,christian.lopez@icloud.com
CUST2200,Rachael,Robertson,rachael.robertson@outlook.com
CUST2201,Daniel,Blankenship,daniel.blankenship@icloud.com
CUST2202,Jody,Atkins,jody.atkins@gmail.com
CUST2203,Charles,Arias,charles.arias@outlook.com
CUST2204,Allison,Tate,allison.tate@outlook.com
CUST2205,Marissa,Miles,marissa.miles@hotmail.com
CUST2206,Martha,Benjamin,martha.benjamin@gmail.com
CUST2207,Christie,Bishop,christie.bishop@outlook.com
CUST2208,Emily,Michael,emily.michael@outlook.com
CUST2209,Sarah,Kirk,sarah.kirk@hotmail.com
CUST2210,Angela,Robinson,angela.robinson@yahoo.com
CUST2211,Nathan,Guzman,nathan.guzman@yahoo.com
CUST2212,James,Cain,james.cain@icloud.com
CUST2213,Debra,Lopez,debra.lopez@outlook.com
CUST2214,Melissa,Lopez,melissa.lopez@gmail.com
CUST2215,Mary,Flores,mary.flores@icloud.com
CUST2216,Victoria,Warner,victoria.warner@yahoo.com
CUST2217,Angela,Mcdowell,angela.mcdowell@icloud.com
CUST2218,Mackenzie,Monroe,mackenzie.monroe@yahoo.com
CUST2219,James,Erickson,james.erickson@yahoo.com
CUST2220,Deborah,Mullins,deborah.mullins@outlook.com
CUST2221,Marvin,Townsend,marvin.townsend@yahoo.com
CUST2222,Keith,Douglas,keith.douglas@hotmail.com
CUST2223,James,Benton,james.benton@gmail.com
CUST2224,Andrea,Jackson,andrea.jackson@gmail.com
CUST2225,Joseph,Hart,joseph.hart@hotmail.com
CUST2226,Suzanne,Valencia,suzanne.valencia@gmail.com
CUST2227,Curtis,Welch,curtis.welch@hotmail.com
CUST2228,Antonio,Joyce,antonio.joyce@yahoo.com
CUST2229,Anthony,Alexander,anthony.alexander@icloud.com
CUST2230,Leslie,Chavez,leslie.chavez@gmail.com
CUST2231,Christopher,Jackson,christopher.jackson@hotmail.com
CUST2232,Megan,Wright,megan.wright@gmail.com
CUST2233,Susan,Johnson,susan.johnson@icloud.com
CUST2234,Heather,Smith,heather.smith@gmail.com
CUST2235,Benjamin,Marsh,benjamin.marsh@yahoo.com
CUST2236,Matthew,Carr,matthew.carr@icloud.com
CUST2237,Jocelyn,Mckenzie,jocelyn.mckenzie@hotmail.com
CUST2238,Bailey,Reed,bailey.reed@yahoo.com
CUST2239,Martha,Alvarez,martha.alvarez@hotmail.com
CUST2240,Melanie,Jones,melanie.jones@outlook.com
CUST2241,Kimberly,Garrett,kimberly.garrett@icloud.com
CUST2242,Richard,Martinez,richard.martinez@hotmail.com
CUST2243,David,Mullins,david.mullins@outlook.com
CUST2244,Angela,Callahan,angela.callahan@yahoo.com
CUST2245,Brandon,Sparks,brandon.sparks@yahoo.com
CUST2246,Melissa,Sparks,melissa.sparks@yahoo.com
CUST2247,Timothy,Cooper,timothy.cooper@yahoo.com
CUST2248,Rachel,Gibbs,rachel.gibbs@gmail.com
CUST2249,Joanna,Vazquez,joanna.vazquez@icloud.com
CUST2250,Michael,Owens,michael.owens@gmail.com
CUST2251,Blake,Alexander,blake.alexander@hotmail.com
CUST2252,Daniel,Robinson,daniel.robinson@yahoo.com
CUST2253,Katherine,Choi,katherine.choi@yahoo.com
CUST2254,Ashley,Raymond,ashley.raymond@yahoo.com
CUST2255,Shelley,Jones,shelley.jones@icloud.com
CUST2256,Jesus,Douglas,jesus.douglas@icloud.com
CUST2257,Michele,Long,michele.long@icloud.com
CUST2258,Christine,Thomas,christine.thomas@gmail.com
CUST2259,Sheri,Powers,sheri.powers@yahoo.com
CUST2260,James,Mccall,james.mccall@yahoo.com
CUST2261,Jasmine,Reyes,jasmine.reyes@gmail.com
CUST2262,Daniel,Johnson,daniel.johnson@icloud.com
CUST2263,Christopher,Burton,christopher.burton@outlook.com
CUST2264,Alejandro,Stevens,alejandro.stevens@gmail.com
CUST2265,Andrea,Leonard,andrea.leonard@yahoo.com
CUST2266,Jamie,Rowe,jamie.rowe@yahoo.com
CUST2267,Wesley,Richard,wesley.richard@gmail.com
CUST2268,Keith,Lawson,keith.lawson@gmail.com
CUST2269,Maurice,Davies,maurice.davies@hotmail.com
CUST2270,Dennis,Sparks,dennis.sparks@yahoo.com
CUST2271,Bradley,Cantu,bradley.cantu@outlook.com
CUST2272,Jeanette,Gomez,jeanette.gomez@yahoo.com
CUST2273,David,Johnson,david.johnson@outlook.com
CUST2274,Lisa,Turner,lisa.turner@outlook.com
CUST2275,Bobby,Thompson,bobby.thompson@icloud.com
CUST2276,Laura,Mcintosh,laura.mcintosh@hotmail.com
CUST2277,Jeffrey,Tran,jeffrey.tran@outlook.com
CUST2278,Matthew,Lee,matthew.lee@gmail.com
CUST2279,Shawn,Quinn,shawn.quinn@gmail.com
CUST2280,Keith,Hill,keith.hill@yahoo.com
CUST2281,Lauren,Olson,lauren.olson@hotmail.com
CUST2282,Nancy,Clark,nancy.clark@yahoo.com
CUST2283,Matthew,Obrien,matthew.obrien@outlook.com
CUST2284,Russell,Hernandez,russell.hernandez@gmail.com
CUST2285,Nichole,Jones,nichole.jones@icloud.com
CUST2286,Amanda,Welch,amanda.welch@yahoo.com
CUST2287,Gregory,Garza,gregory.garza@icloud.com
CUST2288,Mark,Garrett,mark.garrett@icloud.com
CUST2289,David,Vance,david.vance@yahoo.com
CUST2290,Melissa,Hansen,melissa.hansen@hotmail.com
CUST2291,Michael,Thompson,michael.thompson@gmail.com
CUST2292,Ashley,Morris,ashley.morris@outlook.com
CUST2293,Anthony,Alexander,anthony.alexander@hotmail.com
CUST2294,Jessica,Thomas,jessica.thomas@icloud.com
CUST2295,Carlos,Weber,carlos.weber@hotmail.com
CUST2296,Paul,Francis,paul.francis@hotmail.com
CUST2297,David,Jackson,david.jackson@gmail.com
CUST2298,Amy,Callahan,amy.callahan@icloud.com
CUST2299,Brian,Rose,brian.rose@gmail.com
CUST2300,Jonathan,Mccoy,jonathan.mccoy@icloud.com
CUST2301,Gene,Brown,gene.brown@gmail.com
CUST2302,Kayla,Garcia,kayla.garcia@outlook.com
CUST2303,Judy,Obrien,judy.obrien@gmail.com
CUST2304,Laura,Duran,laura.duran@yahoo.com
CUST2305,Cynthia,Roman,cynthia.roman@yahoo.com
CUST2306,David,Garrett,david.garrett@gmail.com
CUST2307,Corey,Smith,corey.smith@gmail.com
CUST2308,Brandon,James,brandon.james@gmail.com
CUST2309,Anne,Wilson,anne.wilson@gmail.com
CUST2310,Rebecca,Williams,rebecca.williams@outlook.com
CUST2311,Felicia,Holder,felicia.holder@gmail.com
CUST2312,Richard,Potter,richard.potter@hotmail.com
CUST2313,Patricia,Briggs,patricia.briggs@hotmail.com
CUST2314,Brian,Pham,brian.pham@gmail.com
CUST2315,Ronald,Clark,ronald.clark@gmail.com
CUST2316,Timothy,Mcfarland,timothy.mcfarland@yahoo.com
CUST2317,David,Jackson,david.jackson@yahoo.com
CUST2318,Robert,Taylor,robert.taylor@outlook.com
CUST2319,Jill,Martinez,jill.martinez@hotmail.com
CUST2320,Jeffrey,Stewart,jeffrey.stewart@hotmail.com
CUST2321,Megan,Hall,megan.hall@yahoo.com
CUST2322,William,Garza,william.garza@yahoo.com
CUST2323,Colton,Hensley,colton.hensley@icloud.com
CUST2324,Timothy,Rice,timothy.rice@icloud.com
CUST2325,Kelly,Wagner,kelly.wagner@hotmail.com
CUST2326,Brett,Harris,brett.harris@icloud.com
CUST2327,Brianna,Bush,brianna.bush@outlook.com
CUST2328,Nathan,Reyes,nathan.reyes@icloud.com
CUST2329,Jamie,Chang,jamie.chang@gmail.com
CUST2330,Andrew,Massey,andrew.massey@gmail.com
CUST2331,Phyllis,Zimmerman,phyllis.zimmerman@yahoo.com
CUST2332,James,Collins,james.collins@icloud.com
CUST2333,Christine,Kim,christine.kim@gmail.com
CUST2334,John,Bell,john.bell@icloud.com
CUST2335,Cynthia,Mckay,cynthia.mckay@outlook.com
CUST2336,Julie,Smith,julie.smith@outlook.com
CUST2337,Tracy,Blankenship,tracy.blankenship@yahoo.com
CUST2338,Danielle,Butler,danielle.butler@hotmail.com
CUST2339,Andrew,Johnson,andrew.johnson@gmail.com
CUST2340,Christopher,Hatfield,christopher.hatfield@outlook.com
CUST2341,Sharon,Le,sharon.le@gmail.com
CUST2342,Shelley,Morris,shelley.morris@outlook.com
CUST2343,Lauren,Garza,lauren.garza@yahoo.com
CUST2344,Wesley,Sheppard,wesley.sheppard@gmail.com
CUST2345,David,Fitzpatrick,david.fitzpatrick@hotmail.com
CUST2346,Jennifer,Davis,jennifer.davis@gmail.com
CUST2347,Sarah,Hammond,sarah.hammond@outlook.com
CUST2348,Joel,Murphy,joel.murphy@icloud.com
CUST2349,Amber,Lambert,amber.lambert@hotmail.com
CUST2350,Angela,Wyatt,angela.wyatt@hotmail.com
CUST2351,Richard,Brown,richard.brown@yahoo.com
CUST2352,Ronald,Duarte,ronald.duarte@icloud.com
CUST2353,Joshua,Williams,joshua.williams@icloud.com
CUST2354,Andrew,Mckee,andrew.mckee@outlook.com
CUST2355,Devin,Delacruz,devin.delacruz@outlook.com
CUST2356,Kathryn,Odom,kathryn.odom@icloud.com
CUST2357,Marie,Cook,marie.cook@gmail.com
CUST2358,Christopher,Munoz,christopher.munoz@yahoo.com
CUST2359,Charlotte,Hernandez,charlotte.hernandez@outlook.com
CUST2360,Samantha,Blanchard,samantha.blanchard@hotmail.com
CUST2361,Austin,James,austin.james@gmail.com
CUST2362,Susan,Burton,susan.burton@gmail.com
CUST2363,Mary,Middleton,mary.middleton@hotmail.com
CUST2364,Ricardo,Davis,ricardo.davis@hotmail.com
CUST2365,Kyle,Wright,kyle.wright@outlook.com
CUST2366,Randall,Juarez,randall.juarez@hotmail.com
CUST2367,Alexander,Hamilton,alexander.hamilton@icloud.com
CUST2368,Thomas,Fuentes,thomas.fuentes@icloud.com
CUST2369,Carolyn,Kirk,carolyn.kirk@gmail.com
CUST2370,Monique,Wolf,monique.wolf@yahoo.com
CUST2371,Danielle,Mcdaniel,danielle.mcdaniel@outlook.com
CUST2372,Angela,Powell,angela.powell@icloud.com
CUST2373,Jeremy,Neal,jeremy.neal@outlook.com
CUST2374,Corey,Velasquez,corey.velasquez@gmail.com
CUST2375,Angela,Coleman,angela.coleman@yahoo.com
CUST2376,William,Smith,william.smith@hotmail.com
CUST2377,David,Simmons,david.simmons@icloud.com
CUST2378,Tara,Nelson,tara.nelson@gmail.com
CUST2379,Chad,Castillo,chad.castillo@yahoo.com
CUST2380,Deborah,Moore,deborah.moore@icloud.com
CUST2381,Jonathan,Murillo,jonathan.murillo@yahoo.com
CUST2382,Monica,Walls,monica.walls@yahoo.com
CUST2383,Marie,Solis,marie.solis@yahoo.com
CUST2384,Amanda,Jones,amanda.jones@outlook.com
CUST2385,Arthur,Price,arthur.price@hotmail.com
CUST2386,Andrew,Diaz,andrew.diaz@outlook.com
CUST2387,Jorge,Taylor,jorge.taylor@yahoo.com
CUST2388,Charles,Lane,charles.lane@yahoo.com
CUST2389,Jonathan,Moreno,jonathan.moreno@gmail.com
CUST2390,Nicholas,Miller,nicholas.miller@icloud.com
CUST2391,Ann,Peck,ann.peck@icloud.com
CUST2392,Stacey,Gibson,stacey.gibson@hotmail.com
CUST2393,Charles,Graham,charles.graham@outlook.com
CUST2394,Noah,Dominguez,noah.dominguez@gmail.com
CUST2395,Matthew,Pratt,matthew.pratt@hotmail.com
CUST2396,Kelsey,Bell,kelsey.bell@outlook.com
CUST2397,Kimberly,Hill,kimberly.hill@yahoo.com
CUST2398,Tina,Yu,tina.yu@icloud.com
CUST2399,Jessica,Jackson,jessica.jackson@hotmail.com
CUST2400,Donald,Fleming,donald.fleming@hotmail.com
CUST2401,Mark,Evans,mark.evans@hotmail.com
CUST2402,Charles,Wood,charles.wood@icloud.com
CUST2403,Michael,Powell,michael.powell@hotmail.com
CUST2404,Kyle,Vaughn,kyle.vaughn@yahoo.com
CUST2405,Ruth,Farrell,ruth.farrell@gmail.com
CUST2406,Justin,Adams,justin.adams@hotmail.com
CUST2407,Andrew,Sandoval,andrew.sandoval@gmail.com
CUST2408,Susan,Bennett,susan.bennett@yahoo.com
CUST2409,John,Rogers,john.rogers@hotmail.com
CUST2410,Tamara,Harris,tamara.harris@hotmail.com
CUST2411,Jeremy,Barnes,jeremy.barnes@outlook.com
CUST2412,Jean,Lucero,jean.lucero@icloud.com
CUST2413,Kimberly,Perry,kimberly.perry@yahoo.com
CUST2414,Dustin,Martinez,dustin.martinez@icloud.com
CUST2415,Andrew,Harrison,andrew.harrison@hotmail.com
CUST2416,Catherine,Schmidt,catherine.schmidt@gmail.com
CUST2417,Michael,Watson,michael.watson@gmail.com
CUST2418,Jennifer,Salinas,jennifer.salinas@yahoo.com
CUST2419,Todd,Wright,todd.wright@gmail.com
CUST2420,Daniel,Lowe,daniel.lowe@outlook.com
CUST2421,Patricia,Carey,patricia.carey@outlook.com
CUST2422,Carolyn,Matthews,carolyn.matthews@outlook.com
CUST2423,Eric,Harmon,eric.harmon@yahoo.com
CUST2424,Sarah,Farmer,sarah.farmer@outlook.com
CUST2425,Ryan,Franco,ryan.franco@outlook.com
CUST2426,Erica,Snyder,erica.snyder@hotmail.com
CUST2427,Ashley,Robinson,ashley.robinson@icloud.com
CUST2428,Lindsay,Myers,lindsay.myers@yahoo.com
CUST2429,Susan,Flores,susan.flores@hotmail.com
CUST2430,James,Armstrong,james.armstrong@yahoo.com
CUST2431,Gregory,Stevenson,gregory.stevenson@hotmail.com
CUST2432,Matthew,Richardson,matthew.richardson@outlook.com
CUST2433,John,Perkins,john.perkins@yahoo.com
CUST2434,John,Trevino,john.trevino@yahoo.com
CUST2435,Amy,Jordan,amy.jordan@yahoo.com
CUST2436,Charles,Carter,charles.carter@hotmail.com
CUST2437,Laura,Chang,laura.chang@hotmail.com
CUST2438,Tyrone,Garcia,tyrone.garcia@yahoo.com
CUST2439,Micheal,Robinson,micheal.robinson@icloud.com
CUST2440,Jesse,Boyd,jesse.boyd@yahoo.com
CUST2441,Brandon,Garcia,brandon.garcia@hotmail.com
CUST2442,Ryan,Lynch,ryan.lynch@gmail.com
CUST2443,Kevin,Scott,kevin.scott@icloud.com
CUST2444,Brent,Graham,brent.graham@outlook.com
CUST2445,Christine,Lee,christine.lee@yahoo.com
CUST2446,Austin,Miller,austin.miller@icloud.com
CUST2447,Michael,Wiggins,michael.wiggins@icloud.com
CUST2448,Mark,Flowers,mark.flowers@hotmail.com
CUST2449,Shane,Miller,shane.miller@yahoo.com
CUST2450,Amy,Chang,amy.chang@icloud.com
CUST2451,Michelle,Harris,michelle.harris@hotmail.com
CUST2452,Annette,Freeman,annette.freeman@icloud.com
CUST2453,Kristin,Johnson,kristin.johnson@yahoo.com
CUST2454,Samuel,Jackson,samuel.jackson@outlook.com
CUST2455,Jason,Mullins,jason.mullins@yahoo.com
CUST2456,Melissa,Mendoza,melissa.mendoza@icloud.com
CUST2457,Laurie,Stein,laurie.stein@icloud.com
CUST2458,Kenneth,Guzman,kenneth.guzman@yahoo.com
CUST2459,Deborah,Joseph,deborah.joseph@outlook.com
CUST2460,James,Chapman,james.chapman@icloud.com
CUST2461,Charles,Adkins,charles.adkins@hotmail.com
CUST2462,Jennifer,Bender,jennifer.bender@gmail.com
CUST2463,Dominic,Levine,dominic.levine@icloud.com
CUST2464,Cynthia,Hansen,cynthia.hansen@icloud.com
CUST2465,Madison,Taylor,madison.taylor@outlook.com
CUST2466,Tammy,Terry,tammy.terry@hotmail.com
CUST2467,Margaret,Chapman,margaret.chapman@outlook.com
CUST2468,Brenda,Berry,brenda.berry@yahoo.com
CUST2469,Julie,Benton,julie.benton@outlook.com
CUST2470,Logan,Schwartz,logan.schwartz@gmail.com
CUST2471,Dakota,Dominguez,dakota.dominguez@hotmail.com
CUST2472,Rachel,Jackson,rachel.jackson@gmail.com
CUST2473,Kathy,Rocha,kathy.rocha@yahoo.com
CUST2474,Joshua,Kelley,joshua.kelley@yahoo.com
CUST2475,Elizabeth,Allen,elizabeth.allen@icloud.com
CUST2476,Rose,Wagner,rose.wagner@icloud.com
CUST2477,Vanessa,Hall,vanessa.hall@yahoo.com
CUST2478,Charles,Boyle,charles.boyle@outlook.com
CUST2479,Courtney,Padilla,courtney.padilla@gmail.com
CUST2480,Robert,Dudley,robert.dudley@yahoo.com
CUST2481,Patricia,Brown,patricia.brown@hotmail.com
CUST2482,Alexandria,Hansen,alexandria.hansen@gmail.com
CUST2483,Katie,Watson,katie.watson@yahoo.com
CUST2484,Beth,Fleming,beth.fleming@hotmail.com
CUST2485,Randall,Perry,randall.perry@hotmail.com
CUST2486,Ryan,Dennis,ryan.dennis@icloud.com
CUST2487,Amy,Riley,amy.riley@yahoo.com
CUST2488,Erika,Kennedy,erika.kennedy@hotmail.com
CUST2489,Chelsea,Mills,chelsea.mills@outlook.com
CUST2490,Christopher,Lucas,christopher.lucas@icloud.com
CUST2491,Steven,Martinez,steven.martinez@outlook.com
CUST2492,Yolanda,Myers,yolanda.myers@icloud.com
CUST2493,Jenna,Hudson,jenna.hudson@yahoo.com
CUST2494,Samantha,Clark,samantha.clark@gmail.com
CUST2495,Steven,Welch,steven.welch@icloud.com
CUST2496,Shelby,Hogan,shelby.hogan@hotmail.com
CUST2497,Charles,Nelson,charles.nelson@hotmail.com
CUST2498,Taylor,Graham,taylor.graham@hotmail.com
CUST2499,Jack,Snyder,jack.snyder@icloud.com
CUST2500,Glenda,Nunez,glenda.nunez@icloud.com
CUST2501,Julie,Johnston,julie.johnston@yahoo.com
CUST2502,Jessica,Myers,jessica.myers@icloud.com
CUST2503,Jeremiah,Perry,jeremiah.perry@hotmail.com
CUST2504,Andrew,Reed,andrew.reed@hotmail.com
CUST2505,Erin,Kennedy,erin.kennedy@yahoo.com
CUST2506,James,Mercado,james.mercado@yahoo.com
CUST2507,Donna,Foster,donna.foster@gmail.com
CUST2508,Connie,Harper,connie.harper@gmail.com
CUST2509,Robert,Skinner,robert.skinner@yahoo.com
CUST2510,Curtis,Bright,curtis.bright@gmail.com
CUST2511,Julie,Miller,julie.miller@yahoo.com
CUST2512,Christopher,West,christopher.west@outlook.com
CUST2513,Timothy,Ellis,timothy.ellis@icloud.com
CUST2514,Bethany,Campbell,bethany.campbell@outlook.com
CUST2515,Amber,Anderson,amber.anderson@hotmail.com
CUST2516,Sheri,Branch,sheri.branch@yahoo.com
CUST2517,David,Bennett,david.bennett@hotmail.com
CUST2518,Tammy,Gibson,tammy.gibson@outlook.com
CUST2519,Tanner,Boyd,tanner.boyd@outlook.com
CUST2520,Brittany,Foster,brittany.foster@outlook.com
CUST2521,Cassandra,Rodriguez,cassandra.rodriguez@hotmail.com
CUST2522,Theresa,Munoz,theresa.munoz@yahoo.com
CUST2523,Ashley,Brady,ashley.brady@gmail.com
CUST2524,Nicole,Hall,nicole.hall@outlook.com
CUST2525,Jason,Yoder,jason.yoder@icloud.com
CUST2526,Lawrence,Carr,lawrence.carr@icloud.com
CUST2527,Sarah,Haney,sarah.haney@icloud.com
CUST2528,Julia,Barry,julia.barry@yahoo.com
CUST2529,Cheyenne,Lopez,cheyenne.lopez@gmail.com
CUST2530,Lisa,Jackson,lisa.jackson@hotmail.com
CUST2531,Nicholas,Brown,nicholas.brown@hotmail.com
CUST2532,William,Matthews,william.matthews@yahoo.com
CUST2533,Denise,Simpson,denise.simpson@gmail.com
CUST2534,Jessica,Little,jessica.little@outlook.com
CUST2535,Brian,Myers,brian.myers@yahoo.com
CUST2536,Sara,Stephens,sara.stephens@yahoo.com
CUST2537,James,Craig,james.craig@hotmail.com
CUST2538,Jessica,Wilkins,jessica.wilkins@gmail.com
CUST2539,Bonnie,Daniel,bonnie.daniel@yahoo.com
CUST2540,Cheryl,Vincent,cheryl.vincent@gmail.com
CUST2541,Julie,Nixon,julie.nixon@outlook.com
CUST2542,William,Chandler,william.chandler@icloud.com
CUST2543,Julia,Jones,julia.jones@gmail.com
CUST2544,Katelyn,Green,katelyn.green@hotmail.com
CUST2545,Christopher,Adams,christopher.adams@hotmail.com
CUST2546,Christina,Anderson,christina.anderson@hotmail.com
CUST2547,Kayla,Dean,kayla.dean@gmail.com
CUST2548,Autumn,Fitzgerald,autumn.fitzgerald@hotmail.com
CUST2549,John,Hughes,john.hughes@hotmail.com
CUST2550,Kyle,Young,kyle.young@hotmail.com
CUST2551,Lindsay,White,lindsay.white@yahoo.com
CUST2552,Christine,Mann,christine.mann@yahoo.com
CUST2553,Andrew,Andrews,andrew.andrews@hotmail.com
CUST2554,Michael,Cooper,michael.cooper@hotmail.com
CUST2555,Ashley,Scott,ashley.scott@outlook.com
CUST2556,William,Vaughan,william.vaughan@hotmail.com
CUST2557,Lucas,Gallagher,lucas.gallagher@outlook.com
CUST2558,Johnny,Lee,johnny.lee@icloud.com
CUST2559,Christopher,Moore,christopher.moore@yahoo.com
CUST2560,Kevin,Williams,kevin.williams@yahoo.com
CUST2561,Vincent,Garcia,vincent.garcia@gmail.com
CUST2562,Richard,Fleming,richard.fleming@hotmail.com
CUST2563,Tanya,Mcclain,tanya.mcclain@hotmail.com
CUST2564,Robert,Waller,robert.waller@outlook.com
CUST2565,Kayla,Rose,kayla.rose@hotmail.com
CUST2566,John,Mccarthy,john.mccarthy@gmail.com
CUST2567,Vanessa,Bond,vanessa.bond@hotmail.com
CUST2568,Samantha,Cook,samantha.cook@outlook.com
CUST2569,Christopher,Wilson,christopher.wilson@outlook.com
CUST2570,Frank,Watkins,frank.watkins@icloud.com
CUST2571,Sean,Jordan,sean.jordan@gmail.com
CUST2572,Virginia,Miller,virginia.miller@icloud.com
CUST2573,Tony,Harris,tony.harris@gmail.com
CUST2574,Tyler,Martin,tyler.martin@hotmail.com
CUST2575,Bruce,Wade,bruce.wade@outlook.com
CUST2576,Larry,Webster,larry.webster@icloud.com
CUST2577,John,Acosta,john.acosta@yahoo.com
CUST2578,Bryan,Hernandez,bryan.hernandez@gmail.com
CUST2579,Jacob,Peterson,jacob.peterson@hotmail.com
CUST2580,James,Miller,james.miller@gmail.com
CUST2581,Matthew,Snyder,matthew.snyder@yahoo.com
CUST2582,Nicholas,Thompson,nicholas.thompson@hotmail.com
CUST2583,Amy,Singleton,amy.singleton@yahoo.com
CUST2584,Andrew,Frank,andrew.frank@hotmail.com
CUST2585,Jennifer,Johnson,jennifer.johnson@icloud.com
CUST2586,James,Willis,james.willis@icloud.com
CUST2587,Christian,Mercer,christian.mercer@icloud.com
CUST2588,Stacy,Nelson,stacy.nelson@hotmail.com
CUST2589,Bob,Martin,bob.martin@yahoo.com
CUST2590,Jessica,King,jessica.king@gmail.com
CUST2591,Melanie,Jenkins,melanie.jenkins@gmail.com
CUST2592,Susan,Roberts,susan.roberts@gmail.com
CUST2593,Lori,Ball,lori.ball@gmail.com
CUST2594,Geoffrey,Gutierrez,geoffrey.gutierrez@icloud.com
CUST2595,Paula,Jones,paula.jones@yahoo.com
CUST2596,Alexander,Moore,alexander.moore@yahoo.com
CUST2597,Matthew,Lee,matthewlee@gmail.com
CUST2598,Matthew,Hogan,matthew.hogan@gmail.com
CUST2599,Kimberly,Travis,kimberly.travis@outlook.com
CUST2600,Emily,Alvarado,emily.alvarado@gmail.com
CUST2601,Brandon,Michael,brandon.michael@gmail.com
CUST2602,Ricky,Reed,ricky.reed@hotmail.com
CUST2603,Zachary,Whitaker,zachary.whitaker@gmail.com
CUST2604,Lisa,Collins,lisa.collins@hotmail.com
CUST2605,Cindy,Smith,cindy.smith@outlook.com
CUST2606,Dana,Gentry,dana.gentry@outlook.com
CUST2607,Shelley,Benitez,shelley.benitez@gmail.com
CUST2608,Sabrina,Olson,sabrina.olson@icloud.com
CUST2609,Jennifer,Cooke,jennifer.cooke@outlook.com
CUST2610,Megan,Hanna,megan.hanna@icloud.com
CUST2611,Jennifer,Jensen,jennifer.jensen@hotmail.com
CUST2612,Joseph,Grant,joseph.grant@hotmail.com
CUST2613,April,Jones,april.jones@outlook.com
CUST2614,Jennifer,Russo,jennifer.russo@gmail.com
CUST2615,Randall,Villanueva,randall.villanueva@yahoo.com
CUST2616,Juan,Barton,juan.barton@gmail.com
CUST2617,Joseph,Hernandez,joseph.hernandez@gmail.com
CUST2618,Cindy,Eaton,cindy.eaton@gmail.com
CUST2619,Alan,Perez,alan.perez@yahoo.com
CUST2620,Gregory,Petty,gregory.petty@yahoo.com
CUST2621,Courtney,Lozano,courtney.lozano@yahoo.com
CUST2622,Paul,Parker,paul.parker@yahoo.com
CUST2623,Miranda,Johnson,miranda.johnson@hotmail.com
CUST2624,Keith,Martinez,keith.martinez@outlook.com
CUST2625,Richard,Ramirez,richard.ramirez@icloud.com
CUST2626,Joshua,Aguilar,joshua.aguilar@icloud.com
CUST2627,Connie,White,connie.white@gmail.com
CUST2628,Clayton,Armstrong,clayton.armstrong@yahoo.com
CUST2629,Nicole,Jacobs,nicole.jacobs@hotmail.com
CUST2630,Tara,Adams,tara.adams@yahoo.com
CUST2631,Dylan,Pratt,dylan.pratt@icloud.com
CUST2632,Richard,Simpson,richard.simpson@gmail.com
CUST2633,Emma,Willis,emma.willis@yahoo.com
CUST2634,Cody,Washington,cody.washington@icloud.com
CUST2635,Kathleen,Neal,kathleen.neal@yahoo.com
CUST2636,Eric,Hamilton,eric.hamilton@hotmail.com
CUST2637,Alicia,Hughes,alicia.hughes@yahoo.com
CUST2638,Brenda,Cook,brenda.cook@outlook.com
CUST2639,Victoria,Young,victoria.young@icloud.com
CUST2640,Ashley,Frost,ashley.frost@gmail.com
CUST2641,Erik,Coffey,erik.coffey@gmail.com
CUST2642,Jeffrey,Russell,jeffrey.russell@icloud.com
CUST2643,Jeanette,Weber,jeanette.weber@icloud.com
CUST2644,Deborah,Winters,deborah.winters@yahoo.com
CUST2645,John,Dyer,john.dyer@outlook.com
CUST2646,Jennifer,Love,jennifer.love@icloud.com
CUST2647,Joseph,Powers,joseph.powers@icloud.com
CUST2648,Patrick,Bishop,patrick.bishop@yahoo.com
CUST2649,David,Blair,david.blair@gmail.com
CUST2650,Megan,Owens,megan.owens@outlook.com
CUST2651,Jessica,Williams,jessica.williams@icloud.com
CUST2652,Andrea,Morgan,andrea.morgan@outlook.com
CUST2653,Angela,Martin,angela.martin@icloud.com
CUST2654,Ernest,Olson,ernest.olson@icloud.com
CUST2655,Patricia,Price,patricia.price@gmail.com
CUST2656,Tracy,Baker,tracy.baker@icloud.com
CUST2657,Leah,Gonzalez,leah.gonzalez@yahoo.com
CUST2658,Alexis,Lewis,alexis.lewis@icloud.com
CUST2659,Michael,Nicholson,michael.nicholson@outlook.com
CUST2660,Phillip,Baker,phillip.baker@gmail.com
CUST2661,Jimmy,Gomez,jimmy.gomez@hotmail.com
CUST2662,Matthew,Greene,matthew.greene@outlook.com
CUST2663,Chad,Cohen,chad.cohen@outlook.com
CUST2664,Jerry,Rodriguez,jerry.rodriguez@yahoo.com
CUST2665,Marie,Randolph,marie.randolph@icloud.com
CUST2666,Helen,Roberson,helen.roberson@gmail.com
CUST2667,Samantha,Sanchez,samantha.sanchez@hotmail.com
CUST2668,Jennifer,Mcdowell,jennifer.mcdowell@hotmail.com
CUST2669,Victoria,Jimenez,victoria.jimenez@outlook.com
CUST2670,Andrea,Williams,andrea.williams@yahoo.com
CUST2671,Tamara,Rowe,tamara.rowe@hotmail.com
CUST2672,William,Alexander,william.alexander@yahoo.com
CUST2673,Henry,Wilson,henry.wilson@outlook.com
CUST2674,Christopher,Berry,christopher.berry@outlook.com
CUST2675,Thomas,Young,thomas.young@gmail.com
CUST2676,Thomas,Miller,thomas.miller@yahoo.com
CUST2677,Joanne,Wise,joanne.wise@hotmail.com
CUST2678,James,Castillo,james.castillo@hotmail.com
CUST2679,Katherine,Carroll,katherine.carroll@hotmail.com
CUST2680,Alexander,Freeman,alexander.freeman@outlook.com
CUST2681,Nicole,Sanchez,nicole.sanchez@yahoo.com
CUST2682,Jack,Young,jack.young@gmail.com
CUST2683,Robert,Gutierrez,robert.gutierrez@gmail.com
CUST2684,Scott,Smith,scott.smith@outlook.com
CUST2685,Charles,Atkins,charles.atkins@outlook.com
CUST2686,Kathy,Melendez,kathy.melendez@icloud.com
CUST2687,Michael,Schwartz,michael.schwartz@hotmail.com
CUST2688,Ashley,Baker,ashley.baker@outlook.com
CUST2689,Meredith,Perkins,meredith.perkins@hotmail.com
CUST2690,Nicole,Savage,nicole.savage@hotmail.com
CUST2691,Emily,Wilson,emily.wilson@yahoo.com
CUST2692,Eugene,Howell,eugene.howell@outlook.com
CUST2693,Jeremy,Burns,jeremy.burns@gmail.com
CUST2694,Danielle,Ingram,danielle.ingram@icloud.com
CUST2695,Kimberly,Perez,kimberly.perez@hotmail.com
CUST2696,Melissa,Page,melissa.page@yahoo.com
CUST2697,Ashley,Aguilar,ashley.aguilar@icloud.com
CUST2698,Matthew,Peters,matthew.peters@gmail.com
CUST2699,Susan,Johnson,susan.johnson@hotmail.com
CUST2700,Peggy,Jacobs,peggy.jacobs@icloud.com
CUST2701,Felicia,Hatfield,felicia.hatfield@gmail.com
CUST2702,Marcia,Ortega,marcia.ortega@yahoo.com
CUST2703,Andrew,Scott,andrew.scott@yahoo.com
CUST2704,Shannon,Pham,shannon.pham@outlook.com
CUST2705,Robert,Reid,robert.reid@gmail.com
CUST2706,Lindsay,Mays,lindsay.mays@gmail.com
CUST2707,Sean,Wright,sean.wright@outlook.com
CUST2708,Amber,Anderson,amberanderson@hotmail.com
CUST2709,Kimberly,Mayer,kimberly.mayer@outlook.com
CUST2710,Thomas,Cooper,thomas.cooper@gmail.com
CUST2711,Kevin,Tate,kevin.tate@hotmail.com
CUST2712,Alex,Griffith,alex.griffith@yahoo.com
CUST2713,Fernando,Oliver,fernando.oliver@hotmail.com
CUST2714,Brian,Gutierrez,brian.gutierrez@yahoo.com
CUST2715,Kevin,Griffin,kevin.griffin@outlook.com
CUST2716,Jason,Lucas,jason.lucas@icloud.com
CUST2717,Brandon,Garcia,brandon.garcia@yahoo.com
CUST2718,Matthew,Lane,matthew.lane@outlook.com
CUST2719,Chad,Garcia,chad.garcia@outlook.com
CUST2720,Nancy,Huynh,nancy.huynh@icloud.com
CUST2721,Nicole,Taylor,nicole.taylor@outlook.com
CUST2722,Nathaniel,Watts,nathaniel.watts@gmail.com
CUST2723,Ronald,Davis,ronald.davis@outlook.com
CUST2724,Ashley,Rivera,ashley.rivera@outlook.com
CUST2725,Nicole,Lee,nicole.lee@icloud.com
CUST2726,Phillip,Stein,phillip.stein@yahoo.com
CUST2727,Kenneth,Robinson,kenneth.robinson@hotmail.com
CUST2728,Joshua,Schroeder,joshua.schroeder@outlook.com
CUST2729,Samantha,Mccarty,samantha.mccarty@hotmail.com
CUST2730,Jay,Thomas,jay.thomas@outlook.com
CUST2731,Amy,Bryant,amy.bryant@outlook.com
CUST2732,Brittany,Gardner,brittany.gardner@yahoo.com
CUST2733,Melissa,Carr,melissa.carr@yahoo.com
CUST2734,Patricia,Fox,patricia.fox@gmail.com
CUST2735,James,Velazquez,james.velazquez@yahoo.com
CUST2736,Anthony,Sanchez,anthony.sanchez@gmail.com
CUST2737,Mary,May,mary.may@outlook.com
CUST2738,Robert,Evans,robert.evans@icloud.com
CUST2739,Monica,Moody,monica.moody@outlook.com
CUST2740,Chloe,Crawford,chloe.crawford@icloud.com
CUST2741,Brian,Armstrong,brian.armstrong@yahoo.com
CUST2742,Laura,Tyler,laura.tyler@outlook.com
CUST2743,Timothy,Mooney,timothy.mooney@hotmail.com
CUST2744,Cristina,Bryant,cristina.bryant@icloud.com
CUST2745,Wayne,Smith,wayne.smith@gmail.com
CUST2746,Amanda,Jones,amanda.jones@hotmail.com
CUST2747,William,Peters,william.peters@icloud.com
CUST2748,Brian,Mitchell,brian.mitchell@outlook.com
CUST2749,Daniel,Hernandez,daniel.hernandez@hotmail.com
CUST2750,Tracy,Wells,tracy.wells@outlook.com
CUST2751,Phillip,Mclean,phillip.mclean@icloud.com
CUST2752,Stephanie,Hendrix,stephanie.hendrix@yahoo.com
CUST2753,Matthew,Brown,matthew.brown@gmail.com
CUST2754,Dawn,Rangel,dawn.rangel@outlook.com
CUST2755,Erica,Martin,erica.martin@icloud.com
CUST2756,Karla,Romero,karla.romero@hotmail.com
CUST2757,Ashley,Simpson,ashley.simpson@icloud.com
CUST2758,Hunter,Compton,hunter.compton@yahoo.com
CUST2759,Emily,Johnson,emily.johnson@gmail.com
CUST2760,Daniel,Olson,daniel.olson@outlook.com
CUST2761,Chad,Riley,chad.riley@icloud.com
CUST2762,Tony,Donovan,tony.donovan@yahoo.com
CUST2763,Thomas,Fry,thomas.fry@hotmail.com
CUST2764,Antonio,Underwood,antonio.underwood@yahoo.com
CUST2765,Christine,Allen,christine.allen@hotmail.com
CUST2766,Christina,Clark,christina.clark@yahoo.com
CUST2767,Kathleen,Howell,kathleen.howell@icloud.com
CUST2768,Adam,Johnson,adam.johnson@yahoo.com
CUST2769,Diana,Boyd,diana.boyd@hotmail.com
CUST2770,Joyce,Patton,joyce.patton@gmail.com
CUST2771,Cassandra,Clark,cassandra.clark@icloud.com
CUST2772,Timothy,Williams,timothy.williams@outlook.com
CUST2773,William,Garner,william.garner@icloud.com
CUST2774,Lori,Perez,lori.perez@outlook.com
CUST2775,Christine,Snyder,christine.snyder@outlook.com
CUST2776,Timothy,Farmer,timothy.farmer@hotmail.com
CUST2777,Bryan,Cross,bryan.cross@hotmail.com
CUST2778,Caleb,Casey,caleb.casey@outlook.com
CUST2779,Karen,Salazar,karen.salazar@icloud.com
CUST2780,Taylor,Sullivan,taylor.sullivan@hotmail.com
CUST2781,Teresa,Johnson,teresa.johnson@hotmail.com
CUST2782,Harold,Bradford,harold.bradford@outlook.com
CUST2783,Stephanie,Mcdonald,stephanie.mcdonald@gmail.com
CUST2784,Charles,Brewer,charles.brewer@hotmail.com
CUST2785,Randy,Stewart,randy.stewart@outlook.com
CUST2786,Tracy,Schultz,tracy.schultz@hotmail.com
CUST2787,Kenneth,Cisneros,kenneth.cisneros@gmail.com
CUST2788,Christine,Velazquez,christine.velazquez@hotmail.com
CUST2789,Anthony,Jefferson,anthony.jefferson@yahoo.com
CUST2790,Ronald,Maynard,ronald.maynard@yahoo.com
CUST2791,Sheila,Cole,sheila.cole@gmail.com
CUST2792,Jodi,Bell,jodi.bell@gmail.com
CUST2793,Stephanie,Bell,stephanie.bell@outlook.com
CUST2794,Sheila,Wyatt,sheila.wyatt@gmail.com
CUST2795,Kevin,Rogers,kevin.rogers@hotmail.com
CUST2796,Lauren,Griffin,lauren.griffin@gmail.com
CUST2797,Haley,Frey,haley.frey@icloud.com
CUST2798,Kenneth,Porter,kenneth.porter@hotmail.com
CUST2799,Derrick,Norman,derrick.norman@yahoo.com
CUST2800,Janet,Watkins,janet.watkins@outlook.com
CUST2801,Jeffrey,Wilson,jeffrey.wilson@yahoo.com
CUST2802,Andrew,Torres,andrew.torres@hotmail.com
CUST2803,Jennifer,Matthews,jennifer.matthews@icloud.com
CUST2804,Megan,Ford,megan.ford@yahoo.com
CUST2805,William,Doyle,william.doyle@yahoo.com
CUST2806,Lauren,Brown,lauren.brown@outlook.com
CUST2807,Chad,Gonzalez,chad.gonzalez@yahoo.com
CUST2808,Amanda,Burton,amanda.burton@yahoo.com
CUST2809,Kimberly,Haley,kimberly.haley@hotmail.com
CUST2810,Shannon,May,shannon.may@yahoo.com
CUST2811,Christopher,Brooks,christopher.brooks@hotmail.com
CUST2812,John,Rangel,john.rangel@outlook.com
CUST2813,Laura,Glover,laura.glover@outlook.com
CUST2814,Gary,Roach,gary.roach@hotmail.com
CUST2815,Kristin,Rivera,kristin.rivera@yahoo.com
CUST2816,Jessica,Lopez,jessica.lopez@yahoo.com
CUST2817,Bruce,Miller,bruce.miller@outlook.com
CUST2818,Karla,Parker,karla.parker@yahoo.com
CUST2819,Kim,Porter,kim.porter@hotmail.com
CUST2820,Nicole,Cooper,nicole.cooper@yahoo.com
CUST2821,Melissa,Roberts,melissa.roberts@outlook.com
CUST2822,Alicia,Ingram,alicia.ingram@hotmail.com
CUST2823,Daniel,Morrison,daniel.morrison@yahoo.com
CUST2824,Courtney,Griffin,courtney.griffin@icloud.com
CUST2825,Sheila,Ortega,sheila.ortega@hotmail.com
CUST2826,Tamara,Bishop,tamara.bishop@hotmail.com
CUST2827,Robert,Miller,robert.miller@hotmail.com
CUST2828,David,Wright,david.wright@outlook.com
CUST2829,Anthony,Chapman,anthony.chapman@hotmail.com
CUST2830,Maria,Sanchez,maria.sanchez@outlook.com
CUST2831,Andrew,Poole,andrew.poole@gmail.com
CUST2832,Lynn,Adams,lynn.adams@icloud.com
CUST2833,Danny,Estrada,danny.estrada@gmail.com
CUST2834,Kirk,Holloway,kirk.holloway@gmail.com
CUST2835,Joseph,Johnson,joseph.johnson@outlook.com
CUST2836,Wesley,Gardner,wesley.gardner@outlook.com
CUST2837,Matthew,Swanson,matthew.swanson@hotmail.com
CUST2838,Robert,Clarke,robert.clarke@outlook.com
CUST2839,Lance,Savage,lance.savage@icloud.com
CUST2840,Latasha,Lopez,latasha.lopez@hotmail.com
CUST2841,Anne,Patterson,anne.patterson@yahoo.com
CUST2842,Kevin,Jimenez,kevin.jimenez@gmail.com
CUST2843,Michelle,Carney,michelle.carney@gmail.com
CUST2844,Jacqueline,Richards,jacqueline.richards@gmail.com
CUST2845,Randy,Vance,randy.vance@icloud.com
CUST2846,Valerie,Dillon,valerie.dillon@hotmail.com
CUST2847,Katherine,Jackson,katherine.jackson@outlook.com
CUST2848,Sarah,Thompson,sarah.thompson@outlook.com
CUST2849,Jonathon,Smith,jonathon.smith@gmail.com
CUST2850,Natalie,Martinez,natalie.martinez@gmail.com
CUST2851,Mariah,Morales,mariah.morales@outlook.com
CUST2852,Gary,Davis,gary.davis@gmail.com
CUST2853,Stephen,Ramirez,stephen.ramirez@icloud.com
CUST2854,Jose,Cole,jose.cole@gmail.com
CUST2855,Lori,Huff,lori.huff@hotmail.com
CUST2856,David,Vang,david.vang@hotmail.com
CUST2857,Jasmine,Mccoy,jasmine.mccoy@gmail.com
CUST2858,Eric,Martin,eric.martin@gmail.com
CUST2859,Kenneth,Russo,kenneth.russo@gmail.com
CUST2860,Daniel,Harris,daniel.harris@gmail.com
CUST2861,Kim,Hamilton,kim.hamilton@icloud.com
CUST2862,Matthew,Newton,matthew.newton@icloud.com
CUST2863,Amy,Kennedy,amy.kennedy@yahoo.com
CUST2864,John,Baxter,john.baxter@outlook.com
CUST2865,Teresa,Beck,teresa.beck@yahoo.com
CUST2866,Sean,Martin,sean.martin@hotmail.com
CUST2867,Edward,Turner,edward.turner@gmail.com
CUST2868,Karl,Smith,karl.smith@icloud.com
CUST2869,Leah,Lyons,leah.lyons@outlook.com
CUST2870,Latasha,Wright,latasha.wright@icloud.com
CUST2871,Lucas,Dawson,lucas.dawson@gmail.com
CUST2872,Taylor,Murray,taylor.murray@icloud.com
CUST2873,Teresa,Hayes,teresa.hayes@gmail.com
CUST2874,Sara,Moore,sara.moore@gmail.com
CUST2875,Brian,Garcia,brian.garcia@yahoo.com
CUST2876,Darryl,Mccarty,darryl.mccarty@outlook.com
CUST2877,Melissa,White,melissa.white@gmail.com
CUST2878,Rebecca,Kemp,rebecca.kemp@icloud.com
CUST2879,Russell,Sims,russell.sims@icloud.com
CUST2880,Sharon,Mills,sharon.mills@gmail.com
CUST2881,Mason,Cook,mason.cook@outlook.com
CUST2882,Steven,Mejia,steven.mejia@hotmail.com
CUST2883,Joseph,Chavez,joseph.chavez@hotmail.com
CUST2884,Christopher,Stone,christopher.stone@outlook.com
CUST2885,Aaron,Guerrero,aaron.guerrero@outlook.com
CUST2886,James,Smith,james.smith@hotmail.com
CUST2887,Sarah,Humphrey,sarah.humphrey@outlook.com
CUST2888,Stacy,Gross,stacy.gross@outlook.com
CUST2889,Rose,Murphy,rose.murphy@icloud.com
CUST2890,Rachel,Navarro,rachel.navarro@gmail.com
CUST2891,Joseph,Blackburn,joseph.blackburn@hotmail.com
CUST2892,Charles,Ward,charles.ward@outlook.com
CUST2893,Karen,Smith,karen.smith@hotmail.com
CUST2894,Jorge,Scott,jorge.scott@yahoo.com
CUST2895,Thomas,Raymond,thomas.raymond@yahoo.com
CUST2896,Kimberly,Logan,kimberly.logan@hotmail.com
CUST2897,Gregory,Eaton,gregory.eaton@outlook.com
CUST2898,Ryan,Perez,ryan.perez@gmail.com
CUST2899,David,Crawford,david.crawford@gmail.com
CUST2900,Marissa,Martin,marissa.martin@icloud.com
CUST2901,Maria,White,maria.white@outlook.com
CUST2902,Evan,Jones,evan.jones@outlook.com
CUST2903,Rebecca,Sandoval,rebecca.sandoval@yahoo.com
CUST2904,Kevin,Fernandez,kevin.fernandez@outlook.com
CUST2905,Danny,Morgan,danny.morgan@outlook.com
CUST2906,Aaron,Rivera,aaron.rivera@gmail.com
CUST2907,Adam,James,adam.james@gmail.com
CUST2908,Robert,White,robert.white@outlook.com
CUST2909,Amy,Mccarthy,amy.mccarthy@outlook.com
CUST2910,Robert,Brown,robert.brown@outlook.com
CUST2911,Tim,Mcbride,tim.mcbride@hotmail.com
CUST2912,Misty,Mcgee,misty.mcgee@icloud.com
CUST2913,Kayla,Brown,kayla.brown@icloud.com
CUST2914,Melissa,Roberts,melissa.roberts@hotmail.com
CUST2915,Suzanne,Hunter,suzanne.hunter@outlook.com
CUST2916,Teresa,Sharp,teresa.sharp@icloud.com
CUST2917,Alyssa,Jones,alyssa.jones@gmail.com
CUST2918,Sydney,Smith,sydney.smith@gmail.com
CUST2919,Joy,Norris,joy.norris@yahoo.com
CUST2920,Lori,Miller,lori.miller@icloud.com
CUST2921,Lisa,White,lisa.white@hotmail.com
CUST2922,Lisa,Vargas,lisa.vargas@hotmail.com
CUST2923,Michael,Alvarez,michael.alvarez@yahoo.com
CUST2924,Jacob,Booth,jacob.booth@yahoo.com
CUST2925,Jesus,Wilson,jesus.wilson@icloud.com
CUST2926,Jessica,Mitchell,jessica.mitchell@yahoo.com
CUST2927,John,Mckinney,john.mckinney@hotmail.com
CUST2928,Alyssa,Payne,alyssa.payne@yahoo.com
CUST2929,Tyrone,Wagner,tyrone.wagner@hotmail.com
CUST2930,Travis,Alvarado,travis.alvarado@yahoo.com
CUST2931,Jennifer,Martin,jennifer.martin@gmail.com
CUST2932,Jesse,Kane,jesse.kane@hotmail.com
CUST2933,Nathan,Campbell,nathan.campbell@hotmail.com
CUST2934,Anthony,Bruce,anthony.bruce@gmail.com
CUST2935,Julie,Ramos,julie.ramos@outlook.com
CUST2936,Joshua,Crawford,joshua.crawford@yahoo.com
CUST2937,Aaron,Bean,aaron.bean@outlook.com
CUST2938,Caroline,Morgan,caroline.morgan@icloud.com
CUST2939,Mary,Dickson,mary.dickson@gmail.com
CUST2940,Susan,Diaz,susan.diaz@icloud.com
CUST2941,Denise,Forbes,denise.forbes@yahoo.com
CUST2942,Stephanie,Perry,stephanie.perry@outlook.com
CUST2943,James,Frye,james.frye@outlook.com
CUST2944,Cynthia,Reynolds,cynthia.reynolds@yahoo.com
CUST2945,Tiffany,Murillo,tiffany.murillo@icloud.com
CUST2946,Christopher,Brown,christopher.brown@icloud.com
CUST2947,Jamie,Thompson,jamie.thompson@outlook.com
CUST2948,Nicole,Cruz,nicole.cruz@outlook.com
CUST2949,Joseph,Dyer,joseph.dyer@hotmail.com
CUST2950,Tracy,Mcdaniel,tracy.mcdaniel@hotmail.com
CUST2951,Ryan,Lamb,ryan.lamb@hotmail.com
CUST2952,Kimberly,Walker,kimberly.walker@icloud.com
CUST2953,Tanya,Ellis,tanya.ellis@outlook.com
CUST2954,Steven,Castro,steven.castro@gmail.com
CUST2955,Colleen,Sweeney,colleen.sweeney@icloud.com
CUST2956,Joshua,Hopkins,joshua.hopkins@gmail.com
CUST2957,Michael,Crawford,michael.crawford@hotmail.com
CUST2958,Christopher,Burke,christopher.burke@outlook.com
CUST2959,Hannah,Wilkinson,hannah.wilkinson@gmail.com
CUST2960,Marilyn,Rodriguez,marilyn.rodriguez@outlook.com
CUST2961,Joel,Edwards,joel.edwards@gmail.com
CUST2962,Michelle,Dominguez,michelle.dominguez@gmail.com
CUST2963,Laura,Brown,laura.brown@gmail.com
CUST2964,Victoria,Hall,victoria.hall@yahoo.com
CUST2965,Kathleen,Porter,kathleen.porter@outlook.com
CUST2966,Steve,Garcia,steve.garcia@icloud.com
CUST2967,Catherine,Owen,catherine.owen@yahoo.com
CUST2968,Amanda,Ashley,amanda.ashley@gmail.com
CUST2969,Jennifer,Gilbert,jennifer.gilbert@icloud.com
CUST2970,Melissa,Valenzuela,melissa.valenzuela@outlook.com
CUST2971,Joshua,Sherman,joshua.sherman@icloud.com
CUST2972,David,Edwards,david.edwards@hotmail.com
CUST2973,Ashley,Gutierrez,ashley.gutierrez@icloud.com
CUST2974,Kathleen,Hawkins,kathleen.hawkins@icloud.com
CUST2975,Mary,Vincent,mary.vincent@icloud.com
CUST2976,Ashley,Kerr,ashley.kerr@outlook.com
CUST2977,Kevin,Smith,kevin.smith@outlook.com
CUST2978,Tyler,Medina,tyler.medina@icloud.com
CUST2979,Anne,Padilla,anne.padilla@yahoo.com
CUST2980,Robert,Johnson,robert.johnson@icloud.com
CUST2981,Brenda,Fleming,brenda.fleming@gmail.com
CUST2982,Stephanie,Mcdaniel,stephanie.mcdaniel@yahoo.com
CUST2983,Anthony,Carter,anthony.carter@yahoo.com
CUST2984,Catherine,Robbins,catherine.robbins@hotmail.com
CUST2985,Margaret,Ruiz,margaret.ruiz@icloud.com
CUST2986,Robert,Hernandez,robert.hernandez@gmail.com
CUST2987,Thomas,Lopez,thomas.lopez@hotmail.com
CUST2988,Albert,Cherry,albert.cherry@hotmail.com
CUST2989,Christopher,Jacobs,christopher.jacobs@hotmail.com
CUST2990,Wanda,Lyons,wanda.lyons@yahoo.com
CUST2991,Natasha,Kelley,natasha.kelley@icloud.com
CUST2992,Beverly,Sexton,beverly.sexton@icloud.com
CUST2993,Michelle,Russell,michelle.russell@hotmail.com
CUST2994,Anthony,Green,anthony.green@hotmail.com
CUST2995,Jacob,Banks,jacob.banks@yahoo.com
CUST2996,Courtney,Nelson,courtney.nelson@icloud.com
CUST2997,Kyle,Rivera,kyle.rivera@icloud.com
CUST2998,Theresa,Jackson,theresa.jackson@outlook.com
CUST2999,Mary,Castillo,mary.castillo@gmail.com
CUST3000,Antonio,Fletcher,antonio.fletcher@outlook.com
CUST3001,Jennifer,Banks,jennifer.banks@outlook.com
CUST3002,Brandi,Castillo,brandi.castillo@yahoo.com
CUST3003,Julie,Brown,julie.brown@hotmail.com
CUST3004,Angela,Potts,angela.potts@hotmail.com
CUST3005,Roy,Taylor,roy.taylor@outlook.com
CUST3006,Danielle,Wells,danielle.wells@gmail.com
CUST3007,Monica,Perez,monica.perez@icloud.com
CUST3008,Julie,Griffin,julie.griffin@outlook.com
CUST3009,Brittany,Jensen,brittany.jensen@gmail.com
CUST3010,Chase,Nash,chase.nash@gmail.com
CUST3011,Randy,Stewart,randy.stewart@gmail.com
CUST3012,Billy,Jones,billy.jones@gmail.com
CUST3013,Audrey,Hardy,audrey.hardy@hotmail.com
CUST3014,Richard,Summers,richard.summers@icloud.com
CUST3015,Leon,Edwards,leon.edwards@yahoo.com
CUST3016,Tammy,Jordan,tammy.jordan@hotmail.com
CUST3017,Gary,Taylor,gary.taylor@yahoo.com
CUST3018,Janice,Bell,janice.bell@gmail.com
CUST3019,Douglas,Taylor,douglas.taylor@icloud.com
CUST3020,Elizabeth,Chavez,elizabeth.chavez@yahoo.com
CUST3021,Julie,Carpenter,julie.carpenter@yahoo.com
CUST3022,William,Williams,william.williams@icloud.com
CUST3023,Brandon,Wood,brandon.wood@icloud.com
CUST3024,Gregory,Hernandez,gregory.hernandez@hotmail.com
CUST3025,Tina,Chambers,tina.chambers@icloud.com
CUST3026,Mark,Mcclure,mark.mcclure@outlook.com
CUST3027,Michele,Hall,michele.hall@icloud.com
CUST3028,Mary,Scott,mary.scott@hotmail.com
CUST3029,Christopher,Camacho,christopher.camacho@outlook.com
CUST3030,Randy,Washington,randy.washington@hotmail.com
CUST3031,Garrett,Donaldson,garrett.donaldson@icloud.com
CUST3032,Samantha,Johns,samantha.johns@icloud.com
CUST3033,Melinda,King,melinda.king@hotmail.com
CUST3034,Stacy,Blanchard,stacy.blanchard@outlook.com
CUST3035,Christina,Gibson,christina.gibson@gmail.com
CUST3036,Ryan,Bishop,ryan.bishop@outlook.com
CUST3037,Gwendolyn,Castillo,gwendolyn.castillo@outlook.com
CUST3038,Robert,Perkins,robert.perkins@icloud.com
CUST3039,Sean,Swanson,sean.swanson@hotmail.com
CUST3040,James,Thompson,james.thompson@gmail.com
CUST3041,Janice,Terrell,janice.terrell@hotmail.com
CUST3042,Monica,Bates,monica.bates@gmail.com
CUST3043,Manuel,Carlson,manuel.carlson@gmail.com
CUST3044,Joseph,Ryan,joseph.ryan@outlook.com
CUST3045,Julie,Mitchell,julie.mitchell@hotmail.com
CUST3046,Robin,Lewis,robin.lewis@outlook.com
CUST3047,William,George,william.george@outlook.com
CUST3048,Nicholas,Davidson,nicholas.davidson@icloud.com
CUST3049,Ruth,Ward,ruth.ward@icloud.com
CUST3050,Stephen,Garcia,stephen.garcia@icloud.com
CUST3051,Michael,Stevens,michael.stevens@gmail.com
CUST3052,Neil,Ayala,neil.ayala@gmail.com
CUST3053,Terri,Curry,terri.curry@outlook.com
CUST3054,Carl,Sullivan,carl.sullivan@gmail.com
CUST3055,Michael,Bailey,michael.bailey@icloud.com
CUST3056,Michelle,Lee,michelle.lee@yahoo.com
CUST3057,Brian,Edwards,brian.edwards@gmail.com
CUST3058,Steven,Patterson,steven.patterson@gmail.com
CUST3059,Molly,Martinez,molly.martinez@yahoo.com
CUST3060,Lauren,Fisher,lauren.fisher@yahoo.com
CUST3061,Chad,Gutierrez,chad.gutierrez@icloud.com
CUST3062,Edward,Potts,edward.potts@hotmail.com
CUST3063,Jennifer,Porter,jennifer.porter@gmail.com
CUST3064,Betty,Smith,betty.smith@hotmail.com
CUST3065,Ashley,Fox,ashley.fox@hotmail.com
CUST3066,Lisa,Bradley,lisa.bradley@outlook.com
CUST3067,Andrea,Lambert,andrea.lambert@hotmail.com
CUST3068,Joshua,Evans,joshua.evans@outlook.com
CUST3069,Susan,Knight,susan.knight@hotmail.com
CUST3070,Derek,Crane,derek.crane@icloud.com
CUST3071,Grant,Hodge,grant.hodge@gmail.com
CUST3072,Jill,Roberts,jill.roberts@outlook.com
CUST3073,Timothy,Ramos,timothy.ramos@hotmail.com
CUST3074,Danielle,Ellis,danielle.ellis@yahoo.com
CUST3075,Edward,Salinas,edward.salinas@yahoo.com
CUST3076,John,Peters,john.peters@hotmail.com
CUST3077,Stacey,Miller,stacey.miller@yahoo.com
CUST3078,Lynn,Harris,lynn.harris@icloud.com
CUST3079,Mary,Allen,mary.allen@yahoo.com
CUST3080,Mikayla,Chavez,mikayla.chavez@gmail.com
CUST3081,Michael,Jones,michael.jones@icloud.com
CUST3082,William,Vasquez,william.vasquez@hotmail.com
CUST3083,Lorraine,Walters,lorraine.walters@hotmail.com
CUST3084,Cory,Lynch,cory.lynch@icloud.com
CUST3085,Jesse,Haley,jesse.haley@outlook.com
CUST3086,James,Baker,james.baker@icloud.com
CUST3087,Mark,Harris,mark.harris@gmail.com
CUST3088,Michael,Williams,michael.williams@yahoo.com
CUST3089,Jodi,Harrison,jodi.harrison@outlook.com
CUST3090,Gregory,Garcia,gregory.garcia@hotmail.com
CUST3091,Sarah,Wright,sarah.wright@outlook.com
CUST3092,Charles,Ellis,charles.ellis@gmail.com
CUST3093,Michael,Mcdaniel,michael.mcdaniel@icloud.com
CUST3094,Steven,Moran,steven.moran@yahoo.com
CUST3095,Michelle,Campbell,michelle.campbell@icloud.com
CUST3096,Oscar,Myers,oscar.myers@icloud.com
CUST3097,Kristen,Greene,kristen.greene@yahoo.com
CUST3098,Theodore,Newman,theodore.newman@yahoo.com
CUST3099,Russell,Wells,russell.wells@gmail.com
CUST3100,Bethany,Martin,bethany.martin@icloud.com
CUST3101,Richard,Calhoun,richard.calhoun@outlook.com
CUST3102,Valerie,Sanchez,valerie.sanchez@icloud.com
CUST3103,Patricia,Palmer,patricia.palmer@icloud.com
CUST3104,Justin,Goodman,justin.goodman@hotmail.com
CUST3105,Diane,Saunders,diane.saunders@yahoo.com
CUST3106,Jason,Martinez,jason.martinez@hotmail.com
CUST3107,Lauren,Jacobs,lauren.jacobs@outlook.com
CUST3108,Scott,Lynch,scott.lynch@yahoo.com
CUST3109,Shannon,Nichols,shannon.nichols@hotmail.com
CUST3110,Julia,Robinson,julia.robinson@gmail.com
CUST3111,Katelyn,Davidson,katelyn.davidson@outlook.com
CUST3112,Ashley,Johnson,ashley.johnson@yahoo.com
CUST3113,Pamela,Roman,pamela.roman@yahoo.com
CUST3114,Miranda,Wall,miranda.wall@outlook.com
CUST3115,Paul,Garrison,paul.garrison@outlook.com
CUST3116,Juan,Hunter,juan.hunter@hotmail.com
CUST3117,Christopher,White,christopher.white@icloud.com
CUST3118,Michael,Leblanc,michael.leblanc@hotmail.com
CUST3119,Cassandra,Phillips,cassandra.phillips@outlook.com
CUST3120,Michael,Cruz,michael.cruz@outlook.com
CUST3121,Kathleen,Smith,kathleen.smith@gmail.com
CUST3122,Joseph,Hawkins,joseph.hawkins@icloud.com
CUST3123,Melanie,Thompson,melanie.thompson@outlook.com
CUST3124,Lynn,Mullins,lynn.mullins@outlook.com
CUST3125,Angela,Liu,angela.liu@icloud.com
CUST3126,Susan,Miller,susan.miller@icloud.com
CUST3127,John,Gamble,john.gamble@outlook.com
CUST3128,Andrew,Pierce,andrew.pierce@gmail.com
CUST3129,Kimberly,Baker,kimberly.baker@icloud.com
CUST3130,Kari,Lee,kari.lee@hotmail.com
CUST3131,Carmen,Smith,carmen.smith@gmail.com
CUST3132,Carmen,Compton,carmen.compton@hotmail.com
CUST3133,Richard,Villegas,richard.villegas@gmail.com
CUST3134,Felicia,Church,felicia.church@hotmail.com
CUST3135,Jacob,Reynolds,jacob.reynolds@hotmail.com
CUST3136,Heather,Travis,heather.travis@icloud.com
CUST3137,Stephanie,Vaughn,stephanie.vaughn@outlook.com
CUST3138,Dana,Taylor,dana.taylor@outlook.com
CUST3139,Maria,Robinson,maria.robinson@icloud.com
CUST3140,Crystal,Hicks,crystal.hicks@icloud.com
CUST3141,Sheila,Miller,sheila.miller@icloud.com
CUST3142,Matthew,Lewis,matthew.lewis@outlook.com
CUST3143,Tracy,Martinez,tracy.martinez@gmail.com
CUST3144,Caroline,Serrano,caroline.serrano@yahoo.com
CUST3145,Dalton,Li,dalton.li@gmail.com
CUST3146,Michelle,Campbell,michelle.campbell@hotmail.com
CUST3147,Gabriel,Collins,gabriel.collins@yahoo.com
CUST3148,Kelly,Lane,kelly.lane@yahoo.com
CUST3149,Holly,Owens,holly.owens@yahoo.com
CUST3150,Charles,Patterson,charles.patterson@hotmail.com
CUST3151,Dorothy,Stone,dorothy.stone@icloud.com
CUST3152,Danielle,Ross,danielle.ross@yahoo.com
CUST3153,Alison,Harper,alison.harper@hotmail.com
CUST3154,Daniel,Howard,daniel.howard@hotmail.com
CUST3155,John,Nelson,john.nelson@icloud.com
CUST3156,Kristopher,Atkins,kristopher.atkins@hotmail.com
CUST3157,Ronald,Murphy,ronald.murphy@icloud.com
CUST3158,Brian,Kline,brian.kline@yahoo.com
CUST3159,Jennifer,King,jennifer.king@hotmail.com
CUST3160,Paula,Olson,paula.olson@hotmail.com
CUST3161,Holly,Clark,holly.clark@icloud.com
CUST3162,James,White,james.white@hotmail.com
CUST3163,John,Smith,john.smith@gmail.com
CUST3164,Jesse,Wheeler,jesse.wheeler@hotmail.com
CUST3165,Kimberly,Robinson,kimberly.robinson@outlook.com
CUST3166,Rachel,Alvarez,rachel.alvarez@yahoo.com
CUST3167,Matthew,Shelton,matthew.shelton@icloud.com
CUST3168,Jeffrey,Proctor,jeffrey.proctor@yahoo.com
CUST3169,Richard,Vance,richard.vance@outlook.com
CUST3170,Lindsay,Farmer,lindsay.farmer@hotmail.com
CUST3171,Bradley,Miller,bradley.miller@icloud.com
CUST3172,Darrell,Escobar,darrell.escobar@gmail.com
CUST3173,Rebecca,Allen,rebecca.allen@hotmail.com
CUST3174,Nicholas,Davis,nicholas.davis@gmail.com
CUST3175,Jennifer,Johnson,jennifer.johnson@hotmail.com
CUST3176,Tracy,Smith,tracy.smith@outlook.com
CUST3177,Lori,Mitchell,lori.mitchell@outlook.com
CUST3178,Tracy,Moss,tracy.moss@gmail.com
CUST3179,Alex,Bush,alex.bush@hotmail.com
CUST3180,Phillip,Williams,phillip.williams@hotmail.com
CUST3181,Morgan,Taylor,morgan.taylor@hotmail.com
CUST3182,Gary,Nunez,gary.nunez@outlook.com
CUST3183,Kevin,Watson,kevin.watson@outlook.com
CUST3184,Randy,Taylor,randy.taylor@yahoo.com
CUST3185,Ryan,Li,ryan.li@outlook.com
CUST3186,Cody,Browning,cody.browning@outlook.com
CUST3187,Carolyn,Smith,carolyn.smith@hotmail.com
CUST3188,Steven,Conner,steven.conner@yahoo.com
CUST3189,Angela,Cox,angela.cox@gmail.com
CUST3190,Christina,Ayala,christina.ayala@gmail.com
CUST3191,Meghan,Campbell,meghan.campbell@gmail.com
CUST3192,Todd,David,todd.david@hotmail.com
CUST3193,Elizabeth,Martinez,elizabeth.martinez@gmail.com
CUST3194,Eric,Baldwin,eric.baldwin@outlook.com
CUST3195,Shari,Holt,shari.holt@hotmail.com
CUST3196,Shelley,Kent,shelley.kent@hotmail.com
CUST3197,Drew,Williams,drew.williams@gmail.com
CUST3198,Heather,Mack,heather.mack@icloud.com
CUST3199,Krystal,Russell,krystal.russell@gmail.com
CUST3200,Alan,Ray,alan.ray@outlook.com
CUST3201,James,Duncan,james.duncan@gmail.com
CUST3202,Brian,Griffin,brian.griffin@icloud.com
CUST3203,Amanda,Smith,amanda.smith@gmail.com
CUST3204,Heidi,Johnson,heidi.johnson@outlook.com
CUST3205,Aaron,Dixon,aaron.dixon@gmail.com
CUST3206,Alyssa,Morales,alyssa.morales@outlook.com
CUST3207,Shannon,Smith,shannon.smith@icloud.com
CUST3208,Wesley,Bennett,wesley.bennett@gmail.com
CUST3209,Charles,Rodgers,charles.rodgers@gmail.com
CUST3210,Mary,Robinson,mary.robinson@hotmail.com
CUST3211,Shane,Washington,shane.washington@outlook.com
CUST3212,Erica,Floyd,erica.floyd@outlook.com
CUST3213,James,Jackson,james.jackson@yahoo.com
CUST3214,Regina,Lane,regina.lane@gmail.com
CUST3215,Brenda,Guerra,brenda.guerra@icloud.com
CUST3216,Michelle,Warren,michelle.warren@outlook.com
CUST3217,Greg,Barry,greg.barry@yahoo.com
CUST3218,Tammy,Pierce,tammy.pierce@outlook.com
CUST3219,David,Lee,david.lee@gmail.com
CUST3220,Jonathan,Bennett,jonathan.bennett@icloud.com
CUST3221,Ricardo,Brown,ricardo.brown@hotmail.com
CUST3222,Martin,Aguilar,martin.aguilar@outlook.com
CUST3223,James,Zavala,james.zavala@icloud.com
CUST3224,Beverly,Brown,beverly.brown@outlook.com
CUST3225,Douglas,Parker,douglas.parker@yahoo.com
CUST3226,Rachel,Fuller,rachel.fuller@gmail.com
CUST3227,Megan,Martin,megan.martin@gmail.com
CUST3228,Kevin,Thomas,kevin.thomas@hotmail.com
CUST3229,Robert,Norman,robert.norman@hotmail.com
CUST3230,Kenneth,Espinoza,kenneth.espinoza@icloud.com
CUST3231,Heather,Black,heather.black@gmail.com
CUST3232,Russell,Tate,russell.tate@gmail.com
CUST3233,Michelle,Johnson,michelle.johnson@hotmail.com
CUST3234,Samuel,Hughes,samuel.hughes@outlook.com
CUST3235,Christopher,Mason,christopher.mason@outlook.com
CUST3236,Jeffrey,Dawson,jeffrey.dawson@hotmail.com
CUST3237,Mark,Garcia,mark.garcia@gmail.com
CUST3238,David,Lewis,david.lewis@outlook.com
CUST3239,Erin,Hernandez,erin.hernandez@hotmail.com
CUST3240,Amber,Hernandez,amber.hernandez@gmail.com
CUST3241,Bryan,Henderson,bryan.henderson@yahoo.com
CUST3242,Mary,Bautista,mary.bautista@icloud.com
CUST3243,Gary,Rivers,gary.rivers@hotmail.com
CUST3244,Danielle,Fuller,danielle.fuller@yahoo.com
CUST3245,Ashley,Hansen,ashley.hansen@yahoo.com
CUST3246,Karen,Acosta,karen.acosta@hotmail.com
CUST3247,John,Harrison,john.harrison@gmail.com
CUST3248,Melissa,Miller,melissa.miller@hotmail.com
CUST3249,Beverly,Haas,beverly.haas@outlook.com
CUST3250,Jennifer,Allen,jennifer.allen@yahoo.com
CUST3251,Emily,Campbell,emily.campbell@yahoo.com
CUST3252,Brandi,Bailey,brandi.bailey@outlook.com
CUST3253,Jessica,Lee,jessica.lee@outlook.com
CUST3254,Thomas,Perez,thomas.perez@icloud.com
CUST3255,Brianna,West,brianna.west@hotmail.com
CUST3256,Christy,Love,christy.love@yahoo.com
CUST3257,Roger,Leonard,roger.leonard@icloud.com
CUST3258,Stephen,Stewart,stephen.stewart@gmail.com
CUST3259,Luke,Blackwell,luke.blackwell@hotmail.com
CUST3260,Leslie,Bartlett,leslie.bartlett@gmail.com
CUST3261,Anthony,Gallegos,anthony.gallegos@hotmail.com
CUST3262,Jessica,Carpenter,jessica.carpenter@outlook.com
CUST3263,Nicole,Booker,nicole.booker@outlook.com
CUST3264,Christine,Brown,christine.brown@hotmail.com
CUST3265,Louis,Haney,louis.haney@icloud.com
CUST3266,Justin,Bonilla,justin.bonilla@yahoo.com
CUST3267,Lauren,Hutchinson,lauren.hutchinson@gmail.com
CUST3268,Terry,Camacho,terry.camacho@hotmail.com
CUST3269,Anthony,Singleton,anthony.singleton@outlook.com
CUST3270,Peter,Christensen,peter.christensen@hotmail.com
CUST3271,Katrina,Stuart,katrina.stuart@icloud.com
CUST3272,Tammy,Richmond,tammy.richmond@hotmail.com
CUST3273,Danny,Perez,danny.perez@hotmail.com
CUST3274,Jeffrey,Palmer,jeffrey.palmer@gmail.com
CUST3275,Thomas,Martinez,thomas.martinez@icloud.com
CUST3276,Ian,Miller,ian.miller@gmail.com
CUST3277,Richard,Jackson,richard.jackson@yahoo.com
CUST3278,Scott,Miller,scott.miller@icloud.com
CUST3279,Yolanda,Wilson,yolanda.wilson@hotmail.com
CUST3280,Derek,Daniels,derek.daniels@yahoo.com
CUST3281,Alicia,Hess,alicia.hess@icloud.com
CUST3282,Stephanie,Delgado,stephanie.delgado@yahoo.com
CUST3283,Amanda,Gross,amanda.gross@yahoo.com
CUST3284,Zachary,Torres,zachary.torres@icloud.com
CUST3285,Robert,Brown,robert.brown@hotmail.com
CUST3286,Sydney,Hays,sydney.hays@hotmail.com
CUST3287,Katrina,Gutierrez,katrina.gutierrez@hotmail.com
CUST3288,Dennis,Padilla,dennis.padilla@yahoo.com
CUST3289,Jonathan,Braun,jonathan.braun@yahoo.com
CUST3290,Zachary,Duffy,zachary.duffy@hotmail.com
CUST3291,Tina,Figueroa,tina.figueroa@icloud.com
CUST3292,Michael,Wilson,michael.wilson@gmail.com
CUST3293,Curtis,Foster,curtis.foster@hotmail.com
CUST3294,Kevin,Gomez,kevin.gomez@icloud.com
CUST3295,Adrian,Holmes,adrian.holmes@hotmail.com
CUST3296,Gregg,Bruce,gregg.bruce@icloud.com
CUST3297,Brandi,Franco,brandi.franco@outlook.com
CUST3298,Ethan,James,ethan.james@gmail.com
CUST3299,Amanda,Ortega,amanda.ortega@outlook.com
CUST3300,Tina,Vega,tina.vega@yahoo.com
CUST3301,Diana,Cole,diana.cole@outlook.com
CUST3302,Ryan,Pugh,ryan.pugh@icloud.com
CUST3303,Keith,Edwards,keith.edwards@gmail.com
CUST3304,Brian,Hall,brian.hall@hotmail.com
CUST3305,Anita,Roberson,anita.roberson@hotmail.com
CUST3306,Alexandria,Smith,alexandria.smith@icloud.com
CUST3307,Kelly,Nguyen,kelly.nguyen@hotmail.com
CUST3308,Jennifer,Mclaughlin,jennifer.mclaughlin@outlook.com
CUST3309,Cynthia,Lawrence,cynthia.lawrence@icloud.com
CUST3310,Javier,Love,javier.love@icloud.com
CUST3311,Nicholas,Jackson,nicholas.jackson@gmail.com
CUST3312,Jill,Johnson,jill.johnson@outlook.com
CUST3313,Amy,Henderson,amy.henderson@hotmail.com
CUST3314,Alexis,Sanford,alexis.sanford@gmail.com
CUST3315,Mandy,Lee,mandy.lee@gmail.com
CUST3316,Katrina,Patel,katrina.patel@hotmail.com
CUST3317,Karina,Matthews,karina.matthews@yahoo.com
CUST3318,Victor,Garrett,victor.garrett@icloud.com
CUST3319,Lindsay,Mcguire,lindsay.mcguire@yahoo.com
CUST3320,William,Smith,william.smith@icloud.com
CUST3321,Denise,Webster,denise.webster@gmail.com
CUST3322,Brandon,Lawrence,brandon.lawrence@icloud.com
CUST3323,Robert,Leonard,robert.leonard@hotmail.com
CUST3324,James,Rose,james.rose@yahoo.com
CUST3325,Benjamin,Miller,benjamin.miller@outlook.com
CUST3326,Matthew,Davis,matthew.davis@hotmail.com
CUST3327,Mary,Perry,mary.perry@outlook.com
CUST3328,Angelica,Burke,angelica.burke@gmail.com
CUST3329,Haley,Daniels,haley.daniels@hotmail.com
CUST3330,Brian,Wood,brian.wood@yahoo.com
CUST3331,Stephanie,Adams,stephanie.adams@gmail.com
CUST3332,Dakota,Edwards,dakota.edwards@gmail.com
CUST3333,Charles,Novak,charles.novak@hotmail.com
CUST3334,Lorraine,Patrick,lorraine.patrick@gmail.com
CUST3335,Elizabeth,Trujillo,elizabeth.trujillo@yahoo.com
CUST3336,Corey,Schmidt,corey.schmidt@outlook.com
CUST3337,Paul,Flores,paul.flores@gmail.com
CUST3338,Nichole,Crawford,nichole.crawford@yahoo.com
CUST3339,Daniel,Kirby,daniel.kirby@icloud.com
CUST3340,Kelly,Gordon,kelly.gordon@yahoo.com
CUST3341,Hailey,Hawkins,hailey.hawkins@hotmail.com
CUST3342,Melinda,Wright,melinda.wright@outlook.com
CUST3343,Alyssa,Jimenez,alyssa.jimenez@icloud.com
CUST3344,Paula,Howell,paula.howell@hotmail.com
CUST3345,James,Anderson,james.anderson@hotmail.com
CUST3346,Donna,Rodriguez,donna.rodriguez@hotmail.com
CUST3347,Tracey,Wade,tracey.wade@yahoo.com
CUST3348,Lisa,Alexander,lisa.alexander@icloud.com
CUST3349,Ann,Brown,ann.brown@yahoo.com
CUST3350,Melissa,Lopez,melissa.lopez@icloud.com
CUST3351,John,Dunn,john.dunn@outlook.com
CUST3352,Natalie,Wyatt,natalie.wyatt@gmail.com
CUST3353,Natasha,Johnson,natasha.johnson@hotmail.com
CUST3354,Ashley,Hurley,ashley.hurley@outlook.com
CUST3355,Heather,Williams,heather.williams@gmail.com
CUST3356,Holly,Torres,holly.torres@gmail.com
CUST3357,Richard,Mitchell,richard.mitchell@hotmail.com
CUST3358,Kimberly,Davis,kimberly.davis@yahoo.com
CUST3359,Crystal,Wilson,crystal.wilson@gmail.com
CUST3360,Denise,Roberts,denise.roberts@hotmail.com
CUST3361,James,Salazar,james.salazar@yahoo.com
CUST3362,Tyler,Hamilton,tyler.hamilton@outlook.com
CUST3363,William,Grimes,william.grimes@gmail.com
CUST3364,Richard,Nelson,richard.nelson@yahoo.com
CUST3365,James,Robinson,james.robinson@hotmail.com
CUST3366,Jonathan,Miller,jonathan.miller@gmail.com
CUST3367,Debra,Clayton,debra.clayton@yahoo.com
CUST3368,Randall,Riley,randall.riley@hotmail.com
CUST3369,Bianca,Cox,bianca.cox@gmail.com
CUST3370,Mathew,Preston,mathew.preston@yahoo.com
CUST3371,Margaret,Braun,margaret.braun@gmail.com
CUST3372,Kyle,Cook,kyle.cook@outlook.com
CUST3373,Jared,Owens,jared.owens@icloud.com
CUST3374,Mitchell,Bradshaw,mitchell.bradshaw@yahoo.com
CUST3375,Christopher,Gomez,christopher.gomez@gmail.com
CUST3376,Susan,Long,susan.long@outlook.com
CUST3377,Rebekah,Hawkins,rebekah.hawkins@hotmail.com
CUST3378,Trevor,Smith,trevor.smith@yahoo.com
CUST3379,Noah,Cisneros,noah.cisneros@icloud.com
CUST3380,Douglas,Walker,douglas.walker@gmail.com
CUST3381,Danny,Smith,danny.smith@yahoo.com
CUST3382,Sheryl,Quinn,sheryl.quinn@icloud.com
CUST3383,Susan,Maddox,susan.maddox@outlook.com
CUST3384,Miranda,Vazquez,miranda.vazquez@gmail.com
CUST3385,Michelle,Rogers,michelle.rogers@gmail.com
CUST3386,Michael,Smith,michael.smith@gmail.com
CUST3387,John,Carroll,john.carroll@hotmail.com
CUST3388,Malik,Wilson,malik.wilson@icloud.com
CUST3389,Gina,Marks,gina.marks@hotmail.com
CUST3390,Sarah,Howell,sarah.howell@icloud.com
CUST3391,Tammie,Jones,tammie.jones@outlook.com
CUST3392,Angela,Villanueva,angela.villanueva@gmail.com
CUST3393,Susan,Taylor,susan.taylor@hotmail.com
CUST3394,Molly,Mendez,molly.mendez@icloud.com
CUST3395,Robert,Myers,robert.myers@yahoo.com
CUST3396,Douglas,Parker,douglas.parker@icloud.com
CUST3397,Diane,Solomon,diane.solomon@icloud.com
CUST3398,James,Ross,james.ross@yahoo.com
CUST3399,Kara,Williams,kara.williams@yahoo.com
CUST3400,Cody,Rivera,cody.rivera@yahoo.com
CUST3401,Daniel,Davis,daniel.davis@gmail.com
CUST3402,Bridget,Banks,bridget.banks@hotmail.com
CUST3403,Dale,Stokes,dale.stokes@yahoo.com
CUST3404,Vanessa,Fields,vanessa.fields@gmail.com
CUST3405,Heather,Turner,heather.turner@gmail.com
CUST3406,Patty,Mack,patty.mack@hotmail.com
CUST3407,Mark,Wong,mark.wong@icloud.com
CUST3408,Christopher,Anderson,christopher.anderson@hotmail.com
CUST3409,Christina,Kramer,christina.kramer@yahoo.com
CUST3410,Keith,Callahan,keith.callahan@hotmail.com
CUST3411,Jennifer,Thomas,jennifer.thomas@yahoo.com
CUST3412,Monica,Brooks,monica.brooks@outlook.com
CUST3413,David,Allen,david.allen@yahoo.com
CUST3414,William,Webster,william.webster@gmail.com
CUST3415,Peter,Perez,peter.perez@icloud.com
CUST3416,Sara,Schmidt,sara.schmidt@yahoo.com
CUST3417,Sarah,Mills,sarah.mills@icloud.com
CUST3418,Laura,Howell,laura.howell@icloud.com
CUST3419,Joshua,Schultz,joshua.schultz@hotmail.com
CUST3420,Jonathan,Martinez,jonathan.martinez@hotmail.com
CUST3421,Christopher,Hood,christopher.hood@icloud.com
CUST3422,Nicholas,Allen,nicholas.allen@gmail.com
CUST3423,Amy,Woods,amy.woods@outlook.com
CUST3424,Carlos,Robbins,carlos.robbins@icloud.com
CUST3425,Angela,Harris,angela.harris@yahoo.com
CUST3426,Justin,Best,justin.best@outlook.com
CUST3427,Dawn,Randall,dawn.randall@yahoo.com
CUST3428,James,Day,james.day@hotmail.com
CUST3429,Cole,Farmer,cole.farmer@icloud.com
CUST3430,Mary,Medina,mary.medina@hotmail.com
CUST3431,Shane,Warren,shane.warren@gmail.com
CUST3432,Amanda,Soto,amanda.soto@gmail.com
CUST3433,Michael,Hoffman,michael.hoffman@hotmail.com
CUST3434,Michael,Evans,michael.evans@gmail.com
CUST3435,John,Rocha,john.rocha@icloud.com
CUST3436,Joseph,Cohen,joseph.cohen@hotmail.com
CUST3437,Kendra,Holloway,kendra.holloway@icloud.com
CUST3438,John,Patel,john.patel@gmail.com
CUST3439,Shelley,Castro,shelley.castro@icloud.com
CUST3440,Emily,Harrison,emily.harrison@icloud.com
CUST3441,Brenda,Nelson,brenda.nelson@hotmail.com
CUST3442,Robin,Gentry,robin.gentry@yahoo.com
CUST3443,David,Marks,david.marks@gmail.com
CUST3444,Jared,Greene,jared.greene@yahoo.com
CUST3445,Stacey,Lopez,stacey.lopez@icloud.com
CUST3446,Darlene,Mason,darlene.mason@yahoo.com
CUST3447,Claire,Williams,claire.williams@gmail.com
CUST3448,Ethan,Camacho,ethan.camacho@hotmail.com
CUST3449,Rebecca,Davis,rebecca.davis@gmail.com
CUST3450,Jeffrey,Ferguson,jeffrey.ferguson@hotmail.com
CUST3451,Scott,Williams,scott.williams@icloud.com
CUST3452,Roger,Monroe,roger.monroe@gmail.com
CUST3453,Jason,Hall,jason.hall@outlook.com
CUST3454,Kim,Sexton,kim.sexton@icloud.com
CUST3455,Mary,Williams,mary.williams@gmail.com
CUST3456,Sarah,Wood,sarah.wood@hotmail.com
CUST3457,Lisa,Roman,lisa.roman@gmail.com
CUST3458,Robert,Moore,robert.moore@outlook.com
CUST3459,William,Rogers,william.rogers@yahoo.com
CUST3460,Kayla,Hernandez,kayla.hernandez@outlook.com
CUST3461,Michele,Swanson,michele.swanson@outlook.com
CUST3462,Michael,Sharp,michael.sharp@hotmail.com
CUST3463,Zachary,Thomas,zachary.thomas@outlook.com
CUST3464,Leon,Kline,leon.kline@hotmail.com
CUST3465,Sean,Morales,sean.morales@yahoo.com
CUST3466,Taylor,Banks,taylor.banks@yahoo.com
CUST3467,Michelle,Gonzales,michelle.gonzales@icloud.com
CUST3468,Shannon,Miller,shannon.miller@icloud.com
CUST3469,Philip,Flores,philip.flores@gmail.com
CUST3470,Shirley,Williams,shirley.williams@outlook.com
CUST3471,Emily,Ingram,emily.ingram@gmail.com
CUST3472,Alicia,Gaines,alicia.gaines@yahoo.com
CUST3473,Brianna,Miller,brianna.miller@outlook.com
CUST3474,Tyler,Norton,tyler.norton@outlook.com
CUST3475,Kristen,Martinez,kristen.martinez@icloud.com
CUST3476,Michael,Cooper,michael.cooper@icloud.com
CUST3477,Gail,Johnson,gail.johnson@gmail.com
CUST3478,Darrell,Holmes,darrell.holmes@hotmail.com
CUST3479,Melody,Hicks,melody.hicks@hotmail.com
CUST3480,Eric,Rollins,eric.rollins@outlook.com
CUST3481,William,Bowman,william.bowman@icloud.com
CUST3482,Misty,Thomas,misty.thomas@gmail.com
CUST3483,Amanda,Downs,amanda.downs@icloud.com
CUST3484,Jeffrey,Espinoza,jeffrey.espinoza@hotmail.com
CUST3485,Patricia,Cohen,patricia.cohen@hotmail.com
CUST3486,Katherine,Sanders,katherine.sanders@yahoo.com
CUST3487,Dwayne,Porter,dwayne.porter@hotmail.com
CUST3488,Michael,Patel,michael.patel@gmail.com
CUST3489,Katherine,Martinez,katherine.martinez@gmail.com
CUST3490,Michael,Velazquez,michael.velazquez@hotmail.com
CUST3491,Kristy,Jimenez,kristy.jimenez@outlook.com
CUST3492,Shannon,Thomas,shannon.thomas@outlook.com
CUST3493,Kelly,Hernandez,kelly.hernandez@icloud.com
CUST3494,Victor,Stokes,victor.stokes@outlook.com
CUST3495,Jennifer,West,jennifer.west@outlook.com
CUST3496,Richard,Ramirez,richard.ramirez@hotmail.com
CUST3497,Paul,Reese,paul.reese@hotmail.com
CUST3498,Jillian,Stein,jillian.stein@icloud.com
CUST3499,Nicole,Coffey,nicole.coffey@hotmail.com
CUST3500,Rick,Anderson,rick.anderson@gmail.com
